335.61,0.00E+00
335.96,0.00E+00
336.31,0.00E+00
336.66,0.00E+00
337.01,0.00E+00
337.36,0.00E+00
337.71,0.00E+00
338.06,0.00E+00
338.41,0.00E+00
338.76,0.00E+00
339.11,0.00E+00
339.46,0.00E+00
339.81,0.00E+00
340.16,0.00E+00
340.51,0.00E+00
340.87,0.00E+00
341.22,0.00E+00
341.57,0.00E+00
341.92,0.00E+00
342.27,0.00E+00
342.62,0.00E+00
342.97,0.00E+00
343.32,0.00E+00
343.67,0.00E+00
344.02,0.00E+00
344.38,0.00E+00
344.73,0.00E+00
345.08,0.00E+00
345.43,0.00E+00
345.78,0.00E+00
346.13,0.00E+00
346.49,0.00E+00
346.84,0.00E+00
347.19,0.00E+00
347.54,0.00E+00
347.89,0.00E+00
348.25,0.00E+00
348.6,0.00E+00
348.95,0.00E+00
349.3,0.00E+00
349.65,0.00E+00
350.01,0.00E+00
350.36,3.56E-05
350.71,3.48E-05
351.06,3.48E-05
351.42,3.58E-05
351.77,3.60E-05
352.12,3.61E-05
352.47,3.62E-05
352.83,3.52E-05
353.18,3.41E-05
353.53,3.44E-05
353.89,3.46E-05
354.24,3.52E-05
354.59,3.55E-05
354.95,3.51E-05
355.3,3.45E-05
355.65,3.36E-05
356.01,3.16E-05
356.36,3.05E-05
356.71,3.03E-05
357.07,3.00E-05
357.42,2.96E-05
357.77,3.01E-05
358.13,3.03E-05
358.48,3.03E-05
358.84,3.01E-05
359.19,2.96E-05
359.54,2.88E-05
359.9,2.81E-05
360.25,2.77E-05
360.61,2.76E-05
360.96,2.79E-05
361.31,2.86E-05
361.67,2.96E-05
362.02,3.00E-05
362.38,2.95E-05
362.73,2.91E-05
363.09,2.83E-05
363.44,2.70E-05
363.8,2.62E-05
364.15,2.63E-05
364.51,2.60E-05
364.86,2.55E-05
365.22,2.55E-05
365.57,2.52E-05
365.93,2.45E-05
366.28,2.41E-05
366.64,2.39E-05
366.99,2.36E-05
367.35,2.37E-05
367.7,2.39E-05
368.06,2.39E-05
368.41,2.36E-05
368.77,2.32E-05
369.13,2.27E-05
369.48,2.24E-05
369.84,2.22E-05
370.19,2.19E-05
370.55,2.17E-05
370.9,2.15E-05
371.26,2.12E-05
371.62,2.14E-05
371.97,2.18E-05
372.33,2.24E-05
372.69,2.29E-05
373.04,2.28E-05
373.4,2.22E-05
373.75,2.17E-05
374.11,2.10E-05
374.47,2.04E-05
374.82,2.01E-05
375.18,1.99E-05
375.54,1.95E-05
375.89,1.92E-05
376.25,1.91E-05
376.61,1.91E-05
376.97,1.92E-05
377.32,1.93E-05
377.68,1.94E-05
378.04,1.91E-05
378.39,1.89E-05
378.75,1.86E-05
379.11,1.85E-05
379.47,1.85E-05
379.82,1.84E-05
380.18,1.82E-05
380.54,1.81E-05
380.9,1.81E-05
381.25,1.79E-05
381.61,1.78E-05
381.97,1.77E-05
382.33,1.76E-05
382.69,1.73E-05
383.04,1.71E-05
383.4,1.71E-05
383.76,1.70E-05
384.12,1.68E-05
384.48,1.68E-05
384.84,1.67E-05
385.19,1.65E-05
385.55,1.63E-05
385.91,1.62E-05
386.27,1.60E-05
386.63,1.59E-05
386.99,1.58E-05
387.35,1.57E-05
387.71,1.57E-05
388.06,1.57E-05
388.42,1.56E-05
388.78,1.56E-05
389.14,1.55E-05
389.5,1.54E-05
389.86,1.53E-05
390.22,1.53E-05
390.58,1.54E-05
390.94,1.54E-05
391.3,1.54E-05
391.66,1.51E-05
392.02,1.49E-05
392.38,1.48E-05
392.74,1.46E-05
393.1,1.46E-05
393.46,1.46E-05
393.82,1.46E-05
394.18,1.45E-05
394.54,1.44E-05
394.9,1.43E-05
395.26,1.41E-05
395.62,1.40E-05
395.98,1.38E-05
396.34,1.37E-05
396.7,1.37E-05
397.06,1.37E-05
397.42,1.36E-05
397.78,1.35E-05
398.14,1.35E-05
398.5,1.34E-05
398.86,1.33E-05
399.22,1.33E-05
399.58,1.32E-05
399.94,1.31E-05
400.3,1.31E-05
400.67,1.31E-05
401.03,1.30E-05
401.39,1.30E-05
401.75,1.31E-05
402.11,1.32E-05
402.47,1.32E-05
402.83,1.32E-05
403.19,1.32E-05
403.56,1.31E-05
403.92,1.31E-05
404.28,1.30E-05
404.64,1.29E-05
405,1.28E-05
405.36,1.27E-05
405.73,1.26E-05
406.09,1.25E-05
406.45,1.25E-05
406.81,1.24E-05
407.18,1.24E-05
407.54,1.25E-05
407.9,1.25E-05
408.26,1.25E-05
408.62,1.25E-05
408.99,1.24E-05
409.35,1.23E-05
409.71,1.23E-05
410.07,1.22E-05
410.44,1.21E-05
410.8,1.20E-05
411.16,1.20E-05
411.53,1.19E-05
411.89,1.18E-05
412.25,1.18E-05
412.62,1.18E-05
412.98,1.17E-05
413.34,1.16E-05
413.7,1.15E-05
414.07,1.14E-05
414.43,1.14E-05
414.8,1.14E-05
415.16,1.14E-05
415.52,1.14E-05
415.89,1.14E-05
416.25,1.15E-05
416.61,1.14E-05
416.98,1.13E-05
417.34,1.13E-05
417.71,1.12E-05
418.07,1.10E-05
418.43,1.10E-05
418.8,1.09E-05
419.16,1.09E-05
419.53,1.08E-05
419.89,1.08E-05
420.25,1.08E-05
420.62,1.07E-05
420.98,1.07E-05
421.35,1.07E-05
421.71,1.07E-05
422.08,1.07E-05
422.44,1.07E-05
422.81,1.07E-05
423.17,1.07E-05
423.54,1.06E-05
423.9,1.06E-05
424.27,1.06E-05
424.63,1.05E-05
425,1.05E-05
425.36,1.06E-05
425.73,1.05E-05
426.09,1.05E-05
426.46,1.04E-05
426.82,1.04E-05
427.19,1.04E-05
427.56,1.04E-05
427.92,1.04E-05
428.29,1.04E-05
428.65,1.03E-05
429.02,1.01E-05
429.38,1.00E-05
429.75,1.00E-05
430.12,1.01E-05
430.48,1.01E-05
430.85,1.01E-05
431.21,1.01E-05
431.58,9.97E-06
431.95,9.86E-06
432.31,9.77E-06
432.68,9.74E-06
433.05,9.74E-06
433.41,9.72E-06
433.78,9.69E-06
434.15,9.67E-06
434.51,9.64E-06
434.88,9.56E-06
435.25,9.47E-06
435.61,9.39E-06
435.98,9.31E-06
436.35,9.27E-06
436.72,9.26E-06
437.08,9.27E-06
437.45,9.25E-06
437.82,9.18E-06
438.18,9.09E-06
438.55,9.03E-06
438.92,8.98E-06
439.29,8.96E-06
439.65,8.96E-06
440.02,8.95E-06
440.39,8.91E-06
440.76,8.85E-06
441.13,8.79E-06
441.49,8.75E-06
441.86,8.73E-06
442.23,8.70E-06
442.6,8.70E-06
442.97,8.71E-06
443.33,8.71E-06
443.7,8.69E-06
444.07,8.68E-06
444.44,8.67E-06
444.81,8.66E-06
445.18,8.65E-06
445.55,8.63E-06
445.91,8.62E-06
446.28,8.60E-06
446.65,8.57E-06
447.02,8.51E-06
447.39,8.47E-06
447.76,8.42E-06
448.13,8.39E-06
448.5,8.37E-06
448.87,8.37E-06
449.24,8.37E-06
449.6,8.37E-06
449.97,8.36E-06
450.34,8.32E-06
450.71,8.29E-06
451.08,8.28E-06
451.45,8.28E-06
451.82,8.29E-06
452.19,8.32E-06
452.56,8.36E-06
452.93,8.35E-06
453.3,8.31E-06
453.67,8.27E-06
454.04,8.22E-06
454.41,8.16E-06
454.78,8.13E-06
455.15,8.13E-06
455.52,8.12E-06
455.89,8.10E-06
456.26,8.09E-06
456.63,8.07E-06
457,8.04E-06
457.37,8.00E-06
457.74,7.97E-06
458.12,7.93E-06
458.49,7.90E-06
458.86,7.88E-06
459.23,7.86E-06
459.6,7.82E-06
459.97,7.78E-06
460.34,7.75E-06
460.71,7.71E-06
461.08,7.67E-06
461.45,7.63E-06
461.83,7.60E-06
462.2,7.57E-06
462.57,7.54E-06
462.94,7.50E-06
463.31,7.46E-06
463.68,7.42E-06
464.05,7.37E-06
464.43,7.32E-06
464.8,7.25E-06
465.17,7.18E-06
465.54,7.10E-06
465.91,7.02E-06
466.29,6.96E-06
466.66,6.92E-06
467.03,6.89E-06
467.4,6.85E-06
467.78,6.81E-06
468.15,6.78E-06
468.52,6.73E-06
468.89,6.69E-06
469.27,6.65E-06
469.64,6.61E-06
470.01,6.55E-06
470.38,6.49E-06
470.76,6.41E-06
471.13,6.33E-06
471.5,6.26E-06
471.87,6.18E-06
472.25,6.11E-06
472.62,6.04E-06
472.99,5.98E-06
473.37,5.92E-06
473.74,5.87E-06
474.11,5.82E-06
474.49,5.76E-06
474.86,5.71E-06
475.23,5.65E-06
475.61,5.58E-06
475.98,5.50E-06
476.36,5.42E-06
476.73,5.35E-06
477.1,5.28E-06
477.48,5.21E-06
477.85,5.13E-06
478.22,5.06E-06
478.6,4.99E-06
478.97,4.91E-06
479.35,4.85E-06
479.72,4.79E-06
480.1,4.72E-06
480.47,4.67E-06
480.84,4.61E-06
481.22,4.54E-06
481.59,4.48E-06
481.97,4.42E-06
482.34,4.36E-06
482.72,4.30E-06
483.09,4.25E-06
483.47,4.20E-06
483.84,4.14E-06
484.22,4.07E-06
484.59,4.01E-06
484.97,3.95E-06
485.34,3.89E-06
485.72,3.85E-06
486.09,3.81E-06
486.47,3.78E-06
486.84,3.74E-06
487.22,3.70E-06
487.6,3.66E-06
487.97,3.62E-06
488.35,3.57E-06
488.72,3.53E-06
489.1,3.49E-06
489.47,3.46E-06
489.85,3.42E-06
490.23,3.39E-06
490.6,3.35E-06
490.98,3.30E-06
491.35,3.27E-06
491.73,3.24E-06
492.11,3.22E-06
492.48,3.20E-06
492.86,3.18E-06
493.24,3.16E-06
493.61,3.14E-06
493.99,3.12E-06
494.37,3.09E-06
494.74,3.07E-06
495.12,3.05E-06
495.5,3.03E-06
495.87,3.01E-06
496.25,3.00E-06
496.63,2.98E-06
497,2.97E-06
497.38,2.96E-06
497.76,2.94E-06
498.14,2.93E-06
498.51,2.92E-06
498.89,2.90E-06
499.27,2.89E-06
499.65,2.87E-06
500.02,2.85E-06
500.4,2.83E-06
500.78,2.82E-06
501.16,2.80E-06
501.53,2.79E-06
501.91,2.79E-06
502.29,2.78E-06
502.67,2.78E-06
503.05,2.77E-06
503.42,2.76E-06
503.8,2.75E-06
504.18,2.74E-06
504.56,2.73E-06
504.94,2.72E-06
505.32,2.71E-06
505.69,2.70E-06
506.07,2.70E-06
506.45,2.69E-06
506.83,2.68E-06
507.21,2.67E-06
507.59,2.66E-06
507.97,2.65E-06
508.35,2.64E-06
508.72,2.63E-06
509.1,2.63E-06
509.48,2.62E-06
509.86,2.62E-06
510.24,2.62E-06
510.62,2.61E-06
511,2.61E-06
511.38,2.60E-06
511.76,2.59E-06
512.14,2.59E-06
512.52,2.58E-06
512.9,2.58E-06
513.28,2.58E-06
513.66,2.57E-06
514.04,2.57E-06
514.42,2.57E-06
514.8,2.56E-06
515.18,2.56E-06
515.56,2.55E-06
515.94,2.55E-06
516.32,2.55E-06
516.7,2.55E-06
517.08,2.54E-06
517.46,2.54E-06
517.84,2.53E-06
518.22,2.53E-06
518.6,2.52E-06
518.98,2.52E-06
519.36,2.52E-06
519.74,2.51E-06
520.12,2.51E-06
520.5,2.51E-06
520.88,2.51E-06
521.27,2.51E-06
521.65,2.51E-06
522.03,2.50E-06
522.41,2.50E-06
522.79,2.50E-06
523.17,2.49E-06
523.55,2.49E-06
523.93,2.49E-06
524.32,2.49E-06
524.7,2.48E-06
525.08,2.48E-06
525.46,2.48E-06
525.84,2.48E-06
526.22,2.49E-06
526.61,2.49E-06
526.99,2.49E-06
527.37,2.49E-06
527.75,2.49E-06
528.13,2.49E-06
528.52,2.48E-06
528.9,2.48E-06
529.28,2.48E-06
529.66,2.48E-06
530.05,2.47E-06
530.43,2.47E-06
530.81,2.47E-06
531.19,2.47E-06
531.58,2.47E-06
531.96,2.47E-06
532.34,2.46E-06
532.72,2.46E-06
533.11,2.46E-06
533.49,2.46E-06
533.87,2.46E-06
534.26,2.46E-06
534.64,2.46E-06
535.02,2.46E-06
535.41,2.46E-06
535.79,2.46E-06
536.17,2.46E-06
536.56,2.46E-06
536.94,2.46E-06
537.32,2.46E-06
537.71,2.46E-06
538.09,2.46E-06
538.47,2.46E-06
538.86,2.46E-06
539.24,2.46E-06
539.63,2.46E-06
540.01,2.46E-06
540.39,2.46E-06
540.78,2.46E-06
541.16,2.46E-06
541.55,2.47E-06
541.93,2.47E-06
542.32,2.47E-06
542.7,2.47E-06
543.08,2.47E-06
543.47,2.47E-06
543.85,2.47E-06
544.24,2.47E-06
544.62,2.47E-06
545.01,2.48E-06
545.39,2.48E-06
545.78,2.48E-06
546.16,2.48E-06
546.55,2.48E-06
546.93,2.48E-06
547.32,2.48E-06
547.7,2.48E-06
548.09,2.48E-06
548.47,2.48E-06
548.86,2.48E-06
549.24,2.48E-06
549.63,2.48E-06
550.02,2.48E-06
550.4,2.48E-06
550.79,2.49E-06
551.17,2.49E-06
551.56,2.50E-06
551.95,2.50E-06
552.33,2.50E-06
552.72,2.50E-06
553.1,2.50E-06
553.49,2.50E-06
553.88,2.50E-06
554.26,2.50E-06
554.65,2.50E-06
555.03,2.51E-06
555.42,2.51E-06
555.81,2.51E-06
556.19,2.51E-06
556.58,2.51E-06
556.97,2.52E-06
557.35,2.53E-06
557.74,2.53E-06
558.13,2.54E-06
558.52,2.54E-06
558.9,2.54E-06
559.29,2.55E-06
559.68,2.55E-06
560.06,2.56E-06
560.45,2.56E-06
560.84,2.56E-06
561.23,2.56E-06
561.61,2.57E-06
562,2.57E-06
562.39,2.58E-06
562.78,2.58E-06
563.16,2.58E-06
563.55,2.59E-06
563.94,2.59E-06
564.33,2.60E-06
564.72,2.60E-06
565.1,2.61E-06
565.49,2.61E-06
565.88,2.62E-06
566.27,2.62E-06
566.66,2.63E-06
567.04,2.63E-06
567.43,2.64E-06
567.82,2.64E-06
568.21,2.65E-06
568.6,2.65E-06
568.99,2.65E-06
569.38,2.66E-06
569.76,2.66E-06
570.15,2.67E-06
570.54,2.67E-06
570.93,2.67E-06
571.32,2.68E-06
571.71,2.69E-06
572.1,2.69E-06
572.49,2.70E-06
572.88,2.70E-06
573.27,2.71E-06
573.65,2.71E-06
574.04,2.72E-06
574.43,2.72E-06
574.82,2.73E-06
575.21,2.73E-06
575.6,2.74E-06
575.99,2.74E-06
576.38,2.75E-06
576.77,2.75E-06
577.16,2.76E-06
577.55,2.76E-06
577.94,2.77E-06
578.33,2.77E-06
578.72,2.78E-06
579.11,2.79E-06
579.5,2.79E-06
579.89,2.80E-06
580.28,2.81E-06
580.67,2.81E-06
581.06,2.82E-06
581.45,2.82E-06
581.85,2.83E-06
582.24,2.83E-06
582.63,2.84E-06
583.02,2.84E-06
583.41,2.85E-06
583.8,2.85E-06
584.19,2.86E-06
584.58,2.86E-06
584.97,2.87E-06
585.36,2.87E-06
585.76,2.88E-06
586.15,2.88E-06
586.54,2.89E-06
586.93,2.90E-06
587.32,2.90E-06
587.71,2.91E-06
588.1,2.91E-06
588.5,2.92E-06
588.89,2.92E-06
589.28,2.93E-06
589.67,2.93E-06
590.06,2.94E-06
590.46,2.94E-06
590.85,2.95E-06
591.24,2.95E-06
591.63,2.96E-06
592.02,2.97E-06
592.42,2.97E-06
592.81,2.98E-06
593.2,2.98E-06
593.59,2.99E-06
593.99,2.99E-06
594.38,2.99E-06
594.77,3.00E-06
595.16,3.00E-06
595.56,3.01E-06
595.95,3.02E-06
596.34,3.03E-06
596.74,3.03E-06
597.13,3.04E-06
597.52,3.04E-06
597.91,3.05E-06
598.31,3.05E-06
598.7,3.06E-06
599.09,3.06E-06
599.49,3.07E-06
599.88,3.07E-06
600.28,3.08E-06
600.67,3.09E-06
601.06,3.09E-06
601.46,3.10E-06
601.85,3.11E-06
602.24,3.11E-06
602.64,3.12E-06
603.03,3.12E-06
603.43,3.13E-06
603.82,3.14E-06
604.21,3.15E-06
604.61,3.15E-06
605,3.16E-06
605.4,3.17E-06
605.79,3.17E-06
606.19,3.18E-06
606.58,3.18E-06
606.97,3.18E-06
607.37,3.19E-06
607.76,3.20E-06
608.16,3.21E-06
608.55,3.22E-06
608.95,3.23E-06
609.34,3.24E-06
609.74,3.25E-06
610.13,3.25E-06
610.53,3.26E-06
610.92,3.27E-06
611.32,3.28E-06
611.71,3.29E-06
612.11,3.30E-06
612.5,3.30E-06
612.9,3.31E-06
613.3,3.32E-06
613.69,3.33E-06
614.09,3.34E-06
614.48,3.35E-06
614.88,3.36E-06
615.27,3.36E-06
615.67,3.37E-06
616.07,3.38E-06
616.46,3.39E-06
616.86,3.40E-06
617.25,3.40E-06
617.65,3.41E-06
618.05,3.42E-06
618.44,3.43E-06
618.84,3.44E-06
619.24,3.45E-06
619.63,3.47E-06
620.03,3.48E-06
620.43,3.49E-06
620.82,3.50E-06
621.22,3.51E-06
621.62,3.52E-06
622.01,3.52E-06
622.41,3.54E-06
622.81,3.55E-06
623.2,3.56E-06
623.6,3.58E-06
624,3.59E-06
624.4,3.61E-06
624.79,3.62E-06
625.19,3.63E-06
625.59,3.65E-06
625.99,3.66E-06
626.38,3.67E-06
626.78,3.69E-06
627.18,3.71E-06
627.58,3.72E-06
627.97,3.74E-06
628.37,3.76E-06
628.77,3.77E-06
629.17,3.79E-06
629.57,3.81E-06
629.96,3.82E-06
630.36,3.84E-06
630.76,3.85E-06
631.16,3.86E-06
631.56,3.87E-06
631.96,3.89E-06
632.35,3.91E-06
632.75,3.93E-06
633.15,3.95E-06
633.55,3.98E-06
633.95,4.00E-06
634.35,4.02E-06
634.75,4.04E-06
635.15,4.07E-06
635.54,4.09E-06
635.94,4.11E-06
636.34,4.13E-06
636.74,4.15E-06
637.14,4.18E-06
637.54,4.20E-06
637.94,4.22E-06
638.34,4.25E-06
638.74,4.26E-06
639.14,4.27E-06
639.54,4.29E-06
639.94,4.30E-06
640.34,4.31E-06
640.74,4.32E-06
641.14,4.33E-06
641.54,4.34E-06
641.94,4.35E-06
642.34,4.35E-06
642.74,4.36E-06
643.14,4.36E-06
643.54,4.37E-06
643.94,4.38E-06
644.34,4.39E-06
644.74,4.40E-06
645.14,4.41E-06
645.54,4.42E-06
645.94,4.43E-06
646.34,4.44E-06
646.74,4.45E-06
647.14,4.45E-06
647.54,4.45E-06
647.94,4.46E-06
648.35,4.46E-06
648.75,4.46E-06
649.15,4.46E-06
649.55,4.47E-06
649.95,4.48E-06
650.35,4.49E-06
650.75,4.50E-06
651.15,4.51E-06
651.55,4.53E-06
651.96,4.53E-06
652.36,4.54E-06
652.76,4.55E-06
653.16,4.56E-06
653.56,4.57E-06
653.96,4.57E-06
654.37,4.58E-06
654.77,4.59E-06
655.17,4.59E-06
655.57,4.60E-06
655.97,4.60E-06
656.38,4.61E-06
656.78,4.61E-06
657.18,4.63E-06
657.58,4.64E-06
657.99,4.65E-06
658.39,4.66E-06
658.79,4.67E-06
659.19,4.68E-06
659.6,4.69E-06
660,4.70E-06
660.4,4.71E-06
660.81,4.72E-06
661.21,4.73E-06
661.61,4.74E-06
662.01,4.74E-06
662.42,4.75E-06
662.82,4.75E-06
663.22,4.75E-06
663.63,4.76E-06
664.03,4.76E-06
664.43,4.77E-06
664.84,4.78E-06
665.24,4.79E-06
665.64,4.80E-06
666.05,4.81E-06
666.45,4.83E-06
666.86,4.83E-06
667.26,4.84E-06
667.66,4.85E-06
668.07,4.86E-06
668.47,4.87E-06
668.88,4.89E-06
669.28,4.90E-06
669.68,4.91E-06
670.09,4.91E-06
670.49,4.91E-06
670.9,4.91E-06
671.3,4.90E-06
671.71,4.91E-06
672.11,4.91E-06
672.51,4.92E-06
672.92,4.93E-06
673.32,4.93E-06
673.73,4.93E-06
674.13,4.94E-06
674.54,4.94E-06
674.94,4.95E-06
675.35,4.96E-06
675.75,4.96E-06
676.16,4.97E-06
676.56,4.98E-06
676.97,4.98E-06
677.37,4.99E-06
677.78,5.00E-06
678.19,5.00E-06
678.59,5.01E-06
679,5.01E-06
679.4,5.00E-06
679.81,5.00E-06
680.21,5.01E-06
680.62,5.01E-06
681.03,5.01E-06
681.43,5.01E-06
681.84,5.01E-06
682.24,5.01E-06
682.65,5.00E-06
683.06,4.99E-06
683.46,4.98E-06
683.87,4.97E-06
684.28,4.97E-06
684.68,4.96E-06
685.09,4.96E-06
685.5,4.95E-06
685.9,4.94E-06
686.31,4.93E-06
686.72,4.93E-06
687.12,4.93E-06
687.53,4.92E-06
687.94,4.92E-06
688.34,4.91E-06
688.75,4.90E-06
689.16,4.90E-06
689.56,4.89E-06
689.97,4.90E-06
690.38,4.90E-06
690.79,4.90E-06
691.19,4.91E-06
691.6,4.92E-06
692.01,4.93E-06
692.42,4.94E-06
692.82,4.96E-06
693.23,4.98E-06
693.64,4.99E-06
694.05,5.01E-06
694.46,5.02E-06
694.86,5.04E-06
695.27,5.06E-06
695.68,5.08E-06
696.09,5.11E-06
696.5,5.14E-06
696.9,5.16E-06
697.31,5.18E-06
697.72,5.20E-06
698.13,5.22E-06
698.54,5.24E-06
698.95,5.27E-06
699.36,5.29E-06
699.76,5.31E-06
700.17,5.33E-06
700.58,5.36E-06
700.99,5.39E-06
701.4,5.41E-06
701.81,5.43E-06
702.22,5.45E-06
702.63,5.47E-06
703.04,5.49E-06
703.45,5.51E-06
703.86,5.53E-06
704.27,5.56E-06
704.67,5.58E-06
705.08,5.61E-06
705.49,5.63E-06
705.9,5.67E-06
706.31,5.70E-06
706.72,5.72E-06
707.13,5.74E-06
707.54,5.76E-06
707.95,5.78E-06
708.36,5.80E-06
708.77,5.83E-06
709.18,5.86E-06
709.59,5.88E-06
710,5.90E-06
710.41,5.92E-06
710.82,5.94E-06
711.23,5.95E-06
711.65,5.96E-06
712.06,5.98E-06
712.47,5.99E-06
712.88,6.01E-06
713.29,6.02E-06
713.7,6.03E-06
714.11,6.03E-06
714.52,6.03E-06
714.93,6.03E-06
715.34,6.05E-06
715.75,6.07E-06
716.17,6.09E-06
716.58,6.12E-06
716.99,6.14E-06
717.4,6.15E-06
717.81,6.16E-06
718.22,6.18E-06
718.63,6.20E-06
719.05,6.21E-06
719.46,6.22E-06
719.87,6.23E-06
720.28,6.23E-06
720.69,6.23E-06
721.1,6.24E-06
721.52,6.24E-06
721.93,6.24E-06
722.34,6.25E-06
722.75,6.26E-06
723.16,6.27E-06
723.58,6.27E-06
723.99,6.28E-06
724.4,6.29E-06
724.81,6.30E-06
725.23,6.31E-06
725.64,6.33E-06
726.05,6.35E-06
726.46,6.36E-06
726.88,6.38E-06
727.29,6.39E-06
727.7,6.40E-06
728.12,6.41E-06
728.53,6.42E-06
728.94,6.43E-06
729.36,6.44E-06
729.77,6.44E-06
730.18,6.45E-06
730.6,6.47E-06
731.01,6.48E-06
731.42,6.50E-06
731.84,6.52E-06
732.25,6.54E-06
732.66,6.55E-06
733.08,6.58E-06
733.49,6.60E-06
733.9,6.62E-06
734.32,6.65E-06
734.73,6.67E-06
735.15,6.69E-06
735.56,6.70E-06
735.97,6.71E-06
736.39,6.73E-06
736.8,6.75E-06
737.22,6.78E-06
737.63,6.81E-06
738.05,6.84E-06
738.46,6.88E-06
738.88,6.92E-06
739.29,6.95E-06
739.7,6.97E-06
740.12,7.00E-06
740.53,7.01E-06
740.95,7.04E-06
741.36,7.08E-06
741.78,7.12E-06
742.19,7.16E-06
742.61,7.20E-06
743.02,7.24E-06
743.44,7.27E-06
743.86,7.31E-06
744.27,7.35E-06
744.69,7.40E-06
745.1,7.43E-06
745.52,7.46E-06
745.93,7.49E-06
746.35,7.53E-06
746.76,7.56E-06
747.18,7.60E-06
747.6,7.65E-06
748.01,7.69E-06
748.43,7.74E-06
748.84,7.80E-06
749.26,7.85E-06
749.68,7.91E-06
750.09,7.98E-06
750.51,8.04E-06
750.92,8.10E-06
751.34,8.15E-06
751.76,8.20E-06
752.17,8.24E-06
752.59,8.29E-06
753.01,8.33E-06
753.42,8.38E-06
753.84,8.44E-06
754.26,8.49E-06
754.67,8.53E-06
755.09,8.58E-06
755.51,8.63E-06
755.93,8.68E-06
756.34,8.74E-06
756.76,8.80E-06
757.18,8.85E-06
757.59,8.89E-06
758.01,8.93E-06
758.43,8.98E-06
758.85,9.03E-06
759.26,9.10E-06
759.68,9.17E-06
760.1,9.23E-06
760.52,9.29E-06
760.94,9.34E-06
761.35,9.39E-06
761.77,9.44E-06
762.19,9.49E-06
762.61,9.55E-06
763.03,9.61E-06
763.44,9.67E-06
763.86,9.73E-06
764.28,9.78E-06
764.7,9.83E-06
765.12,9.87E-06
765.54,9.92E-06
765.95,9.98E-06
766.37,1.00E-05
766.79,1.01E-05
767.21,1.01E-05
767.63,1.02E-05
768.05,1.02E-05
768.47,1.03E-05
768.89,1.03E-05
769.31,1.04E-05
769.72,1.04E-05
770.14,1.05E-05
770.56,1.05E-05
770.98,1.06E-05
771.4,1.06E-05
771.82,1.06E-05
772.24,1.06E-05
772.66,1.07E-05
773.08,1.07E-05
773.5,1.07E-05
773.92,1.08E-05
774.34,1.08E-05
774.76,1.09E-05
775.18,1.09E-05
775.6,1.09E-05
776.02,1.10E-05
776.44,1.10E-05
776.86,1.10E-05
777.28,1.11E-05
777.7,1.11E-05
778.12,1.12E-05
778.54,1.12E-05
778.96,1.13E-05
779.38,1.13E-05
779.8,1.13E-05
780.22,1.14E-05
780.64,1.14E-05
781.06,1.15E-05
781.48,1.15E-05
781.91,1.16E-05
782.33,1.16E-05
782.75,1.16E-05
783.17,1.16E-05
783.59,1.17E-05
784.01,1.17E-05
784.43,1.17E-05
784.85,1.18E-05
785.27,1.18E-05
785.7,1.19E-05
786.12,1.19E-05
786.54,1.20E-05
786.96,1.20E-05
787.38,1.21E-05
787.8,1.21E-05
788.23,1.22E-05
788.65,1.22E-05
789.07,1.22E-05
789.49,1.22E-05
789.91,1.23E-05
790.34,1.23E-05
790.76,1.24E-05
791.18,1.24E-05
791.6,1.24E-05
792.02,1.24E-05
792.45,1.25E-05
792.87,1.25E-05
793.29,1.26E-05
793.72,1.27E-05
794.14,1.27E-05
794.56,1.28E-05
794.98,1.28E-05
795.41,1.29E-05
795.83,1.29E-05
796.25,1.30E-05
796.68,1.30E-05
797.1,1.31E-05
797.52,1.31E-05
797.94,1.32E-05
798.37,1.33E-05
798.79,1.33E-05
799.21,1.34E-05
799.64,1.34E-05
800.06,1.34E-05
800.49,1.35E-05
800.91,1.36E-05
801.33,1.37E-05
801.76,1.38E-05
802.18,1.39E-05
802.6,1.39E-05
803.03,1.40E-05
803.45,1.40E-05
803.88,1.41E-05
804.3,1.41E-05
804.72,1.42E-05
805.15,1.43E-05
805.57,1.43E-05
806,1.44E-05
806.42,1.45E-05
806.85,1.45E-05
807.27,1.46E-05
807.7,1.47E-05
808.12,1.47E-05
808.55,1.48E-05
808.97,1.49E-05
809.39,1.49E-05
809.82,1.50E-05
810.24,1.51E-05
810.67,1.52E-05
811.09,1.53E-05
811.52,1.54E-05
811.95,1.55E-05
812.37,1.56E-05
812.8,1.57E-05
813.22,1.58E-05
813.65,1.59E-05
814.07,1.59E-05
814.5,1.60E-05
814.92,1.60E-05
815.35,1.61E-05
815.78,1.62E-05
816.2,1.64E-05
816.63,1.65E-05
817.05,1.66E-05
817.48,1.67E-05
817.91,1.68E-05
818.33,1.69E-05
818.76,1.69E-05
819.18,1.70E-05
819.61,1.71E-05
820.04,1.72E-05
820.46,1.73E-05
820.89,1.74E-05
821.32,1.75E-05
821.74,1.76E-05
822.17,1.77E-05
822.6,1.79E-05
823.02,1.80E-05
823.45,1.81E-05
823.88,1.81E-05
824.3,1.81E-05
824.73,1.82E-05
825.16,1.82E-05
825.59,1.82E-05
826.01,1.83E-05
826.44,1.84E-05
826.87,1.86E-05
827.3,1.87E-05
827.72,1.89E-05
828.15,1.90E-05
828.58,1.91E-05
829.01,1.92E-05
829.43,1.93E-05
829.86,1.93E-05
830.29,1.94E-05
830.72,1.95E-05
831.14,1.96E-05
831.57,1.97E-05
832,1.98E-05
832.43,2.00E-05
832.86,2.01E-05
833.29,2.02E-05
833.71,2.03E-05
834.14,2.04E-05
834.57,2.05E-05
835,2.06E-05
835.43,2.07E-05
835.86,2.08E-05
836.29,2.09E-05
836.71,2.10E-05
837.14,2.11E-05
837.57,2.12E-05
838,2.13E-05
838.43,2.14E-05
838.86,2.15E-05
839.29,2.16E-05
839.72,2.16E-05
840.15,2.17E-05
840.58,2.18E-05
841.01,2.19E-05
841.44,2.20E-05
841.87,2.21E-05
842.29,2.22E-05
842.72,2.23E-05
843.15,2.25E-05
843.58,2.26E-05
844.01,2.26E-05
844.44,2.27E-05
844.87,2.28E-05
845.3,2.29E-05
845.73,2.30E-05
846.16,2.31E-05
846.59,2.32E-05
847.02,2.32E-05
847.45,2.33E-05
847.89,2.34E-05
848.32,2.35E-05
848.75,2.36E-05
849.18,2.37E-05
849.61,2.37E-05
850.04,2.38E-05
850.47,2.38E-05
850.9,2.39E-05
851.33,2.40E-05
851.76,2.41E-05
852.19,2.43E-05
852.62,2.45E-05
853.05,2.46E-05
853.49,2.47E-05
853.92,2.48E-05
854.35,2.49E-05
854.78,2.50E-05
855.21,2.51E-05
855.64,2.53E-05
856.07,2.55E-05
856.51,2.56E-05
856.94,2.56E-05
857.37,2.57E-05
857.8,2.57E-05
858.23,2.58E-05
858.67,2.59E-05
859.1,2.59E-05
859.53,2.61E-05
859.96,2.62E-05
860.39,2.63E-05
860.83,2.65E-05
861.26,2.66E-05
861.69,2.68E-05
862.12,2.69E-05
862.56,2.70E-05
862.99,2.71E-05
863.42,2.71E-05
863.85,2.72E-05
864.29,2.72E-05
864.72,2.73E-05
865.15,2.73E-05
865.58,2.74E-05
866.02,2.75E-05
866.45,2.76E-05
866.88,2.77E-05
867.32,2.78E-05
867.75,2.79E-05
868.18,2.80E-05
868.62,2.81E-05
869.05,2.83E-05
869.48,2.85E-05
869.92,2.86E-05
870.35,2.87E-05
870.78,2.88E-05
871.22,2.88E-05
871.65,2.89E-05
872.09,2.91E-05
872.52,2.93E-05
872.95,2.96E-05
873.39,2.98E-05
873.82,3.00E-05
874.26,3.01E-05
874.69,3.02E-05
875.12,3.03E-05
875.56,3.04E-05
875.99,3.05E-05
876.43,3.07E-05
876.86,3.08E-05
877.3,3.09E-05
877.73,3.10E-05
878.17,3.12E-05
878.6,3.13E-05
879.04,3.14E-05
879.47,3.15E-05
879.91,3.17E-05
880.34,3.19E-05
880.78,3.21E-05
881.21,3.23E-05
881.65,3.24E-05
882.08,3.25E-05
882.52,3.26E-05
882.95,3.27E-05
883.39,3.29E-05
883.82,3.30E-05
884.26,3.32E-05
884.69,3.34E-05
885.13,3.35E-05
885.57,3.36E-05
886,3.38E-05
886.44,3.40E-05
886.87,3.41E-05
887.31,3.42E-05
887.74,3.43E-05
888.18,3.45E-05
888.62,3.47E-05
889.05,3.49E-05
889.49,3.51E-05
889.93,3.53E-05
890.36,3.55E-05
890.8,3.58E-05
891.24,3.62E-05
891.67,3.64E-05
892.11,3.66E-05
892.55,3.69E-05
892.98,3.70E-05
893.42,3.72E-05
893.86,3.73E-05
894.29,3.75E-05
894.73,3.77E-05
895.17,3.80E-05
895.6,3.82E-05
896.04,3.83E-05
896.48,3.85E-05
896.92,3.87E-05
897.35,3.89E-05
897.79,3.91E-05
898.23,3.93E-05
898.67,3.94E-05
899.1,3.96E-05
899.54,3.97E-05
899.98,3.99E-05
900.42,4.02E-05
900.85,4.06E-05
901.29,4.11E-05
901.73,4.15E-05
902.17,4.19E-05
902.61,4.21E-05
903.04,4.21E-05
903.48,4.19E-05
903.92,4.15E-05
904.36,4.12E-05
904.8,4.10E-05
905.24,4.08E-05
905.68,4.06E-05
906.11,4.04E-05
906.55,4.01E-05
906.99,3.99E-05
907.43,3.96E-05
907.87,3.95E-05
908.31,3.95E-05
908.75,3.92E-05
909.19,3.90E-05
909.63,3.88E-05
910.06,3.85E-05
910.5,3.82E-05
910.94,3.79E-05
911.38,3.77E-05
911.82,3.75E-05
912.26,3.75E-05
912.7,3.76E-05
913.14,3.77E-05
913.58,3.78E-05
914.02,3.80E-05
914.46,3.80E-05
914.9,3.80E-05
915.34,3.80E-05
915.78,3.81E-05
916.22,3.82E-05
916.66,3.83E-05
917.1,3.86E-05
917.54,3.89E-05
917.98,3.92E-05
918.42,3.95E-05
918.86,3.99E-05
919.3,4.02E-05
919.74,4.05E-05
920.18,4.09E-05
920.62,4.12E-05
921.06,4.15E-05
921.5,4.18E-05
921.95,4.21E-05
922.39,4.26E-05
922.83,4.31E-05
923.27,4.37E-05
923.71,4.42E-05
924.15,4.48E-05
924.59,4.53E-05
925.03,4.57E-05
925.47,4.61E-05
925.92,4.65E-05
926.36,4.69E-05
926.8,4.72E-05
927.24,4.76E-05
927.68,4.81E-05
928.12,4.85E-05
928.57,4.90E-05
929.01,4.95E-05
929.45,5.00E-05
929.89,5.05E-05
930.33,5.09E-05
930.77,5.14E-05
931.22,5.19E-05
931.66,5.22E-05
932.1,5.26E-05
932.54,5.32E-05
932.99,5.39E-05
933.43,5.45E-05
933.87,5.51E-05
934.31,5.56E-05
934.76,5.58E-05
935.2,5.61E-05
935.64,5.65E-05
936.08,5.70E-05
936.53,5.74E-05
936.97,5.80E-05
937.41,5.86E-05
937.86,5.92E-05
938.3,6.00E-05
938.74,6.09E-05
939.19,6.17E-05
939.63,6.24E-05
940.07,6.28E-05
940.52,6.31E-05
940.96,6.36E-05
941.4,6.42E-05
941.85,6.49E-05
942.29,6.55E-05
942.73,6.62E-05
943.18,6.69E-05
943.62,6.73E-05
944.07,6.75E-05
944.51,6.77E-05
944.95,6.82E-05
945.4,6.87E-05
945.84,6.92E-05
946.29,6.98E-05
946.73,7.04E-05
947.17,7.10E-05
947.62,7.14E-05
948.06,7.18E-05
948.51,7.24E-05
948.95,7.32E-05
949.4,7.37E-05
949.84,7.44E-05
950.29,7.54E-05
950.73,7.63E-05
951.18,7.72E-05
951.62,7.81E-05
952.07,7.86E-05
952.51,7.89E-05
952.96,7.95E-05
953.4,8.00E-05
953.85,8.05E-05
954.29,8.13E-05
954.74,8.21E-05
955.18,8.27E-05
955.63,8.33E-05
956.07,8.40E-05
956.52,8.48E-05
956.96,8.53E-05
957.41,8.57E-05
957.86,8.59E-05
958.3,8.64E-05
958.75,8.72E-05
959.19,8.81E-05
959.64,8.92E-05
960.09,9.05E-05
960.53,9.12E-05
960.98,9.17E-05
961.42,9.21E-05
961.87,9.26E-05
962.32,9.35E-05
962.76,9.49E-05
963.21,9.66E-05
963.66,9.83E-05
964.1,9.94E-05
964.55,1.00E-04
965,1.00E-04
965.44,1.00E-04
965.89,1.00E-04
966.34,1.01E-04
966.79,1.01E-04
967.23,1.02E-04
967.68,1.03E-04
968.13,1.03E-04
968.57,1.03E-04
969.02,1.04E-04
969.47,1.05E-04
969.92,1.07E-04
970.36,1.09E-04
970.81,1.10E-04
971.26,1.12E-04
971.71,1.13E-04
972.15,1.14E-04
972.6,1.14E-04
973.05,1.15E-04
973.5,1.15E-04
973.95,1.16E-04
974.39,1.16E-04
974.84,1.18E-04
975.29,1.20E-04
975.74,1.21E-04
976.19,1.21E-04
976.64,1.22E-04
977.08,1.22E-04
977.53,1.23E-04
977.98,1.24E-04
978.43,1.26E-04
978.88,1.28E-04
979.33,1.29E-04
979.78,1.29E-04
980.22,1.29E-04
980.67,1.30E-04
981.12,1.30E-04
981.57,1.30E-04
982.02,1.31E-04
982.47,1.32E-04
982.92,1.34E-04
983.37,1.36E-04
983.82,1.36E-04
984.27,1.37E-04
984.72,1.39E-04
985.17,1.41E-04
985.62,1.42E-04
986.07,1.43E-04
986.52,1.45E-04
986.96,1.47E-04
987.41,1.48E-04
987.86,1.50E-04
988.31,1.52E-04
988.76,1.54E-04
989.21,1.56E-04
989.66,1.57E-04
990.12,1.58E-04
990.57,1.59E-04
991.02,1.60E-04
991.47,1.61E-04
991.92,1.62E-04
992.37,1.63E-04
992.82,1.66E-04
993.27,1.70E-04
993.72,1.73E-04
994.17,1.76E-04
994.62,1.79E-04
995.07,1.82E-04
995.52,1.82E-04
995.97,1.83E-04
996.42,1.84E-04
996.88,1.84E-04
997.33,1.83E-04
997.78,1.82E-04
998.23,1.81E-04
998.68,1.83E-04
999.13,1.86E-04
999.58,1.89E-04
1000.04,1.93E-04
1000.49,1.97E-04
1000.94,1.98E-04
1001.39,1.98E-04
1001.84,1.97E-04
1002.29,1.98E-04
1002.75,2.00E-04
1003.2,2.02E-04
1003.65,2.06E-04
1004.1,2.10E-04
1004.55,2.13E-04
1005.01,2.14E-04
1005.46,2.15E-04
1005.91,2.16E-04
1006.36,2.17E-04
1006.82,2.21E-04
1007.27,2.26E-04
1007.72,2.30E-04
1008.17,2.33E-04
1008.63,2.38E-04
1009.08,2.43E-04
1009.53,2.47E-04
1009.99,2.54E-04
1010.44,2.63E-04
1010.89,2.70E-04
1011.34,2.74E-04
1011.8,2.77E-04
1012.25,2.76E-04
1012.7,2.71E-04
1013.16,2.67E-04
1013.61,2.66E-04
1014.06,2.65E-04
1014.52,2.67E-04
1014.97,2.73E-04
1015.43,2.81E-04
1015.88,2.86E-04
1016.33,2.90E-04
1016.79,2.92E-04
1017.24,2.92E-04
1017.69,2.92E-04
1018.15,2.93E-04
1018.6,2.98E-04
1019.06,3.03E-04
1019.51,3.09E-04
1019.97,3.18E-04
1020.42,3.27E-04
1020.87,3.39E-04
1021.33,3.53E-04
1021.78,3.60E-04
1022.24,3.57E-04
1022.69,3.54E-04
1023.15,3.43E-04
1023.6,3.29E-04
1024.06,3.24E-04
1024.51,3.24E-04
1024.97,3.27E-04
1025.42,3.32E-04
1025.88,3.40E-04
1026.33,3.51E-04
1026.79,3.65E-04
1027.24,3.75E-04
1027.7,3.89E-04
1028.15,4.06E-04
1028.61,4.14E-04
1029.06,4.12E-04
1029.52,4.11E-04
1029.97,4.15E-04
1030.43,4.17E-04
1030.89,4.22E-04
1031.34,4.31E-04
1031.8,4.42E-04
1032.25,4.50E-04
1032.71,4.60E-04
1033.17,4.77E-04
1033.62,4.90E-04
1034.08,5.02E-04
1034.53,5.15E-04
1034.99,5.20E-04
1035.45,5.11E-04
1035.9,5.07E-04
1036.36,5.06E-04
1036.82,5.00E-04
1037.27,5.05E-04
1037.73,5.32E-04
1038.19,5.60E-04
1038.64,5.78E-04
1039.1,5.97E-04
1039.56,6.07E-04
1040.01,6.06E-04
1040.47,6.05E-04
1040.93,6.17E-04
1041.38,6.20E-04
1041.84,6.18E-04
1042.3,6.11E-04
1042.76,6.12E-04
1043.21,6.13E-04
1043.67,6.23E-04
1044.13,6.52E-04
1044.59,6.79E-04
1045.04,6.86E-04
1045.5,6.90E-04
1045.96,6.86E-04
1046.42,6.65E-04
1046.88,6.64E-04
1047.33,6.78E-04
1047.79,6.75E-04
1048.25,6.80E-04
1048.71,6.96E-04
1049.17,7.11E-04
1049.62,7.28E-04
1050.08,7.57E-04
1050.54,7.87E-04
1051,8.10E-04
1051.46,8.11E-04
1051.92,7.94E-04
1052.37,7.91E-04
1052.83,8.05E-04
1053.29,8.15E-04
1053.75,8.26E-04
1054.21,8.57E-04
1054.67,8.81E-04
1055.13,8.94E-04
1055.59,9.00E-04
1056.05,8.97E-04
1056.51,8.72E-04
1056.96,8.50E-04
1057.42,8.52E-04
1057.88,8.70E-04
1058.34,8.86E-04
1058.8,9.34E-04
1059.26,1.01E-03
1059.72,1.07E-03
1060.18,1.06E-03
1060.64,1.06E-03
1061.1,1.06E-03
1061.56,1.09E-03
1062.02,1.09E-03
1062.48,1.12E-03
1062.94,1.20E-03
1063.4,1.21E-03
1063.86,1.17E-03
1064.32,1.19E-03
1064.78,1.23E-03
1065.24,1.21E-03
1065.7,1.24E-03
1066.16,1.30E-03
1066.62,1.32E-03
1067.08,1.31E-03
1067.54,1.33E-03
1068,1.38E-03
1068.47,1.36E-03
1068.93,1.29E-03
1069.39,1.26E-03
1069.85,1.26E-03
1070.31,1.23E-03
1070.77,1.25E-03
1071.23,1.29E-03
1071.69,1.28E-03
1072.15,1.24E-03
1072.62,1.19E-03
1073.08,1.13E-03
1073.54,1.12E-03
1074,1.17E-03
1074.46,1.24E-03
1074.92,1.34E-03
1075.38,1.49E-03
1075.85,1.61E-03
1076.31,1.65E-03
1076.77,1.68E-03
1077.23,1.64E-03
1077.69,1.53E-03
1078.16,1.47E-03
1078.62,1.40E-03
1079.08,1.35E-03
1079.54,1.34E-03
1080,1.38E-03
1080.47,1.42E-03
1080.93,1.54E-03
1081.39,1.66E-03
1081.85,1.67E-03
1082.32,1.61E-03
1082.78,1.55E-03
1083.24,1.45E-03
1083.71,1.37E-03
1084.17,1.43E-03
1084.63,1.54E-03
1085.09,1.72E-03
1085.56,1.92E-03
1086.02,2.01E-03
1086.48,1.93E-03
1086.95,1.84E-03
1087.41,1.69E-03
1087.87,1.59E-03
1088.34,1.57E-03
1088.8,1.58E-03
1089.26,1.57E-03
1089.73,1.58E-03
1090.19,1.64E-03
1090.65,1.67E-03
1091.12,1.71E-03
1091.58,1.87E-03
1092.05,2.10E-03
1092.51,2.22E-03
1092.97,2.43E-03
1093.44,2.46E-03
1093.9,2.26E-03
1094.37,1.98E-03
1094.83,1.85E-03
1095.3,1.80E-03
1095.76,1.85E-03
1096.22,1.98E-03
1096.69,2.03E-03
1097.15,2.03E-03
1097.62,1.91E-03
1098.08,1.84E-03
1098.55,1.83E-03
1099.01,1.91E-03
1099.48,1.98E-03
1099.94,0.00E+00
1100.41,0.00E+00
1100.87,0.00E+00
1101.34,0.00E+00
1101.8,0.00E+00
1102.27,0.00E+00
1102.73,0.00E+00
1103.2,0.00E+00
1103.66,0.00E+00
1104.13,0.00E+00
1104.59,0.00E+00
1105.06,0.00E+00
1105.53,0.00E+00
1105.99,0.00E+00
1106.46,0.00E+00
1106.92,0.00E+00
1107.39,0.00E+00
1107.86,0.00E+00
1108.32,0.00E+00
1108.79,0.00E+00
1109.25,0.00E+00
1109.72,0.00E+00
1110.19,0.00E+00
1110.65,0.00E+00
1111.12,0.00E+00
1111.59,0.00E+00
1112.05,0.00E+00
1112.52,0.00E+00
1112.99,0.00E+00
1113.45,0.00E+00
1113.92,0.00E+00
1114.39,0.00E+00
1114.85,0.00E+00
1115.32,0.00E+00
1115.79,0.00E+00
1116.25,0.00E+00
1116.72,0.00E+00
1117.19,0.00E+00
1117.65,0.00E+00
1118.12,0.00E+00
1118.59,0.00E+00
1119.06,0.00E+00
1119.52,0.00E+00
1119.99,0.00E+00
1120.46,0.00E+00
1120.93,0.00E+00
1121.4,0.00E+00
1121.86,0.00E+00
1122.33,0.00E+00
1122.8,0.00E+00
1123.27,0.00E+00
1123.74,0.00E+00
1124.2,0.00E+00
1124.67,0.00E+00
1125.14,0.00E+00
1125.61,0.00E+00
1126.08,0.00E+00
1126.54,0.00E+00
1127.01,0.00E+00
1127.48,0.00E+00
1127.95,0.00E+00
1128.42,0.00E+00
1128.89,0.00E+00
1129.36,0.00E+00
1129.83,0.00E+00
1130.29,0.00E+00
1130.76,0.00E+00
1131.23,0.00E+00
1131.7,0.00E+00
1132.17,0.00E+00
1132.64,0.00E+00
1133.11,0.00E+00
1133.58,0.00E+00
1134.05,0.00E+00
1134.52,0.00E+00
1134.99,0.00E+00
1135.46,0.00E+00
1135.93,0.00E+00
1136.4,0.00E+00
1136.87,0.00E+00
1137.34,0.00E+00
1137.81,0.00E+00
1138.28,0.00E+00
1138.75,0.00E+00
1139.22,0.00E+00
1139.69,0.00E+00
1140.16,0.00E+00
1140.63,0.00E+00
1141.1,0.00E+00
1141.57,0.00E+00
1142.04,0.00E+00
1142.51,0.00E+00
1142.98,0.00E+00
1143.45,0.00E+00
1143.92,0.00E+00
1144.39,0.00E+00
1144.86,0.00E+00
1145.33,0.00E+00
1145.8,0.00E+00
1146.27,0.00E+00
1146.75,0.00E+00
1147.22,0.00E+00
1147.69,0.00E+00
1148.16,0.00E+00
1148.63,0.00E+00
1149.1,0.00E+00
1149.57,0.00E+00
1150.05,0.00E+00
1150.52,0.00E+00
1150.99,0.00E+00
1151.46,0.00E+00
1151.93,0.00E+00
1152.4,0.00E+00
1152.88,0.00E+00
1153.35,0.00E+00
1153.82,0.00E+00
1154.29,0.00E+00
1154.76,0.00E+00
1155.24,0.00E+00
1155.71,0.00E+00
1156.18,0.00E+00
1156.65,0.00E+00
1157.12,0.00E+00
1157.6,0.00E+00
1158.07,0.00E+00
1158.54,0.00E+00
1159.02,0.00E+00
1159.49,0.00E+00
1159.96,0.00E+00
1160.43,0.00E+00
1160.91,0.00E+00
1161.38,0.00E+00
1161.85,0.00E+00
1162.33,0.00E+00
1162.8,0.00E+00
1163.27,0.00E+00
1163.75,0.00E+00
1164.22,0.00E+00
1164.69,0.00E+00
1165.17,0.00E+00
1165.64,0.00E+00
1166.11,0.00E+00
1166.59,0.00E+00
1167.06,0.00E+00
1167.53,0.00E+00
1168.01,0.00E+00
1168.48,0.00E+00
1168.96,0.00E+00
1169.43,0.00E+00
1169.9,0.00E+00
1170.38,0.00E+00
1170.85,0.00E+00
1171.33,0.00E+00
1171.8,0.00E+00
1172.28,0.00E+00
1172.75,0.00E+00
1173.22,0.00E+00
1173.7,0.00E+00
1174.17,0.00E+00
1174.65,0.00E+00
1175.12,0.00E+00
1175.6,0.00E+00
1176.07,0.00E+00
1176.55,0.00E+00
1177.02,0.00E+00
1177.5,0.00E+00
1177.97,0.00E+00
1178.45,0.00E+00
1178.92,0.00E+00
1179.4,0.00E+00
1179.87,0.00E+00
1180.35,0.00E+00
1180.82,0.00E+00
1181.3,0.00E+00
1181.78,0.00E+00
