860.11,0.00E+00
861.73,0.00E+00
863.36,0.00E+00
864.98,0.00E+00
866.61,0.00E+00
868.23,0.00E+00
869.86,6.33E-04
871.48,8.11E-05
873.11,5.55E-05
874.74,5.13E-05
876.37,4.33E-05
878,3.73E-05
879.63,3.49E-05
881.26,3.36E-05
882.89,3.26E-05
884.52,3.18E-05
886.15,3.11E-05
887.78,3.05E-05
889.42,2.97E-05
891.05,2.92E-05
892.69,2.87E-05
894.32,2.82E-05
895.96,2.76E-05
897.6,2.71E-05
899.23,2.66E-05
900.87,2.62E-05
902.51,2.57E-05
904.15,2.53E-05
905.79,2.50E-05
907.43,2.46E-05
909.07,2.41E-05
910.71,2.38E-05
912.35,2.32E-05
914,2.26E-05
915.64,2.19E-05
917.28,2.11E-05
918.93,2.02E-05
920.57,1.94E-05
922.22,1.86E-05
923.87,1.79E-05
925.51,1.74E-05
927.16,1.69E-05
928.81,1.65E-05
930.46,1.62E-05
932.11,1.59E-05
933.76,1.56E-05
935.41,1.54E-05
937.06,1.51E-05
938.72,1.49E-05
940.37,1.47E-05
942.02,1.45E-05
943.68,1.43E-05
945.33,1.41E-05
946.99,1.39E-05
948.64,1.37E-05
950.3,1.35E-05
951.96,1.33E-05
953.61,1.31E-05
955.27,1.29E-05
956.93,1.27E-05
958.59,1.25E-05
960.25,1.23E-05
961.91,1.22E-05
963.58,1.20E-05
965.24,1.19E-05
966.9,1.17E-05
968.56,1.16E-05
970.23,1.14E-05
971.89,1.13E-05
973.56,1.12E-05
975.22,1.11E-05
976.89,1.10E-05
978.56,1.09E-05
980.23,1.08E-05
981.9,1.07E-05
983.56,1.06E-05
985.23,1.05E-05
986.9,1.04E-05
988.58,1.03E-05
990.25,1.02E-05
991.92,1.02E-05
993.59,1.01E-05
995.27,1.00E-05
996.94,9.95E-06
998.62,9.90E-06
1000.29,9.85E-06
1001.97,9.80E-06
1003.64,9.75E-06
1005.32,9.69E-06
1007,9.64E-06
1008.68,9.59E-06
1010.36,9.54E-06
1012.04,9.49E-06
1013.72,9.44E-06
1015.4,9.40E-06
1017.08,9.36E-06
1018.76,9.31E-06
1020.45,9.27E-06
1022.13,9.22E-06
1023.81,9.17E-06
1025.5,9.12E-06
1027.18,9.07E-06
1028.87,9.03E-06
1030.56,8.99E-06
1032.24,8.96E-06
1033.93,8.94E-06
1035.62,8.92E-06
1037.31,8.91E-06
1039,8.91E-06
1040.69,8.90E-06
1042.38,8.88E-06
1044.07,8.86E-06
1045.77,8.83E-06
1047.46,8.79E-06
1049.15,8.75E-06
1050.85,8.70E-06
1052.54,8.66E-06
1054.24,8.61E-06
1055.93,8.55E-06
1057.63,8.49E-06
1059.33,8.42E-06
1061.02,8.35E-06
1062.72,8.27E-06
1064.42,8.20E-06
1066.12,8.12E-06
1067.82,8.04E-06
1069.52,7.97E-06
1071.23,7.91E-06
1072.93,7.84E-06
1074.63,7.78E-06
1076.33,7.71E-06
1078.04,7.64E-06
1079.74,7.57E-06
1081.45,7.50E-06
1083.16,7.44E-06
1084.86,7.38E-06
1086.57,7.32E-06
1088.28,7.26E-06
1089.99,7.21E-06
1091.69,7.15E-06
1093.4,7.09E-06
1095.12,7.03E-06
1096.83,6.97E-06
1098.54,6.91E-06
1100.25,6.85E-06
1101.96,6.81E-06
1103.68,6.76E-06
1105.39,6.72E-06
1107.11,6.67E-06
1108.82,6.63E-06
1110.54,6.58E-06
1112.25,6.54E-06
1113.97,6.49E-06
1115.69,6.45E-06
1117.41,6.40E-06
1119.13,6.36E-06
1120.85,6.33E-06
1122.57,6.29E-06
1124.29,6.26E-06
1126.01,6.23E-06
1127.73,6.20E-06
1129.46,6.17E-06
1131.18,6.14E-06
1132.9,6.10E-06
1134.63,6.07E-06
1136.35,6.04E-06
1138.08,6.01E-06
1139.81,5.98E-06
1141.53,5.96E-06
1143.26,5.93E-06
1144.99,5.92E-06
1146.72,5.90E-06
1148.45,5.88E-06
1150.18,5.86E-06
1151.91,5.84E-06
1153.64,5.82E-06
1155.38,5.80E-06
1157.11,5.78E-06
1158.84,5.76E-06
1160.58,5.74E-06
1162.31,5.72E-06
1164.05,5.71E-06
1165.78,5.70E-06
1167.52,5.68E-06
1169.26,5.67E-06
1171,5.65E-06
1172.73,5.62E-06
1174.47,5.60E-06
1176.21,5.59E-06
1177.95,5.57E-06
1179.7,5.55E-06
1181.44,5.54E-06
1183.18,5.52E-06
1184.92,5.51E-06
1186.67,5.49E-06
1188.41,5.47E-06
1190.16,5.46E-06
1191.9,5.44E-06
1193.65,5.42E-06
1195.39,5.40E-06
1197.14,5.38E-06
1198.89,5.36E-06
1200.64,5.34E-06
1202.39,5.32E-06
1204.14,5.31E-06
1205.89,5.29E-06
1207.64,5.27E-06
1209.39,5.25E-06
1211.14,5.22E-06
1212.9,5.21E-06
1214.65,5.19E-06
1216.4,5.17E-06
1218.16,5.15E-06
1219.91,5.13E-06
1221.67,5.11E-06
1223.43,5.10E-06
1225.18,5.08E-06
1226.94,5.05E-06
1228.7,5.03E-06
1230.46,5.00E-06
1232.22,4.98E-06
1233.98,4.96E-06
1235.74,4.94E-06
1237.5,4.92E-06
1239.27,4.91E-06
1241.03,4.89E-06
1242.79,4.88E-06
1244.56,4.86E-06
1246.32,4.85E-06
1248.09,4.83E-06
1249.85,4.82E-06
1251.62,4.80E-06
1253.39,4.78E-06
1255.16,4.76E-06
1256.92,4.74E-06
1258.69,4.72E-06
1260.46,4.71E-06
1262.23,4.69E-06
1264.01,4.67E-06
1265.78,4.65E-06
1267.55,4.63E-06
1269.32,4.61E-06
1271.1,4.59E-06
1272.87,4.57E-06
1274.65,4.55E-06
1276.42,4.53E-06
1278.2,4.51E-06
1279.97,4.50E-06
1281.75,4.48E-06
1283.53,4.46E-06
1285.31,4.44E-06
1287.09,4.42E-06
1288.87,4.41E-06
1290.65,4.39E-06
1292.43,4.37E-06
1294.21,4.35E-06
1295.99,4.34E-06
1297.78,4.32E-06
1299.56,4.31E-06
1301.34,4.30E-06
1303.13,4.28E-06
1304.92,4.27E-06
1306.7,4.25E-06
1308.49,4.24E-06
1310.28,4.22E-06
1312.06,4.21E-06
1313.85,4.20E-06
1315.64,4.19E-06
1317.43,4.19E-06
1319.22,4.18E-06
1321.01,4.18E-06
1322.81,4.17E-06
1324.6,4.16E-06
1326.39,4.16E-06
1328.18,4.16E-06
1329.98,4.15E-06
1331.77,4.15E-06
1333.57,4.15E-06
1335.37,4.15E-06
1337.16,4.15E-06
1338.96,4.15E-06
1340.76,4.14E-06
1342.56,4.14E-06
1344.36,4.14E-06
1346.16,4.14E-06
1347.96,4.14E-06
1349.76,4.15E-06
1351.56,4.16E-06
1353.36,4.16E-06
1355.16,4.17E-06
1356.97,4.18E-06
1358.77,4.18E-06
1360.58,4.18E-06
1362.38,4.18E-06
1364.19,4.17E-06
1366,4.17E-06
1367.8,4.18E-06
1369.61,4.19E-06
1371.42,4.22E-06
1373.23,4.24E-06
1375.04,4.27E-06
1376.85,4.29E-06
1378.66,4.30E-06
1380.47,4.30E-06
1382.29,4.30E-06
1384.1,4.30E-06
1385.91,4.29E-06
1387.73,4.28E-06
1389.54,4.27E-06
1391.36,4.26E-06
1393.17,4.25E-06
1394.99,4.25E-06
1396.81,4.24E-06
1398.63,4.23E-06
1400.44,4.22E-06
1402.26,4.21E-06
1404.08,4.20E-06
1405.9,4.19E-06
1407.73,4.18E-06
1409.55,4.18E-06
1411.37,4.17E-06
1413.19,4.17E-06
1415.02,4.17E-06
1416.84,4.17E-06
1418.67,4.17E-06
1420.49,4.17E-06
1422.32,4.17E-06
1424.14,4.17E-06
1425.97,4.17E-06
1427.8,4.17E-06
1429.63,4.16E-06
1431.46,4.16E-06
1433.29,4.16E-06
1435.12,4.16E-06
1436.95,4.16E-06
1438.78,4.16E-06
1440.61,4.17E-06
1442.45,4.17E-06
1444.28,4.17E-06
1446.12,4.16E-06
1447.95,4.16E-06
1449.79,4.16E-06
1451.62,4.16E-06
1453.46,4.16E-06
1455.3,4.16E-06
1457.13,4.17E-06
1458.97,4.17E-06
1460.81,4.17E-06
1462.65,4.16E-06
1464.49,4.16E-06
1466.33,4.16E-06
1468.18,4.16E-06
1470.02,4.17E-06
1471.86,4.17E-06
1473.71,4.17E-06
1475.55,4.17E-06
1477.39,4.17E-06
1479.24,4.17E-06
1481.09,4.17E-06
1482.93,4.17E-06
1484.78,4.17E-06
1486.63,4.18E-06
1488.48,4.18E-06
1490.33,4.19E-06
1492.18,4.19E-06
1494.03,4.19E-06
1495.88,4.19E-06
1497.73,4.19E-06
1499.58,4.19E-06
1501.44,4.19E-06
1503.29,4.19E-06
1505.14,4.19E-06
1507,4.19E-06
1508.85,4.19E-06
1510.71,4.20E-06
1512.57,4.21E-06
1514.43,4.22E-06
1516.28,4.22E-06
1518.14,4.23E-06
1520,4.23E-06
1521.86,4.23E-06
1523.72,4.24E-06
1525.58,4.24E-06
1527.45,4.25E-06
1529.31,4.25E-06
1531.17,4.26E-06
1533.03,4.27E-06
1534.9,4.28E-06
1536.76,4.29E-06
1538.63,4.30E-06
1540.5,4.31E-06
1542.36,4.31E-06
1544.23,4.32E-06
1546.1,4.32E-06
1547.97,4.31E-06
1549.84,4.31E-06
1551.71,4.30E-06
1553.58,4.30E-06
1555.45,4.29E-06
1557.32,4.29E-06
1559.19,4.29E-06
1561.07,4.30E-06
1562.94,4.30E-06
1564.81,4.30E-06
1566.69,4.31E-06
1568.56,4.31E-06
1570.44,4.32E-06
1572.32,4.34E-06
1574.2,4.36E-06
1576.07,4.38E-06
1577.95,4.39E-06
1579.83,4.41E-06
1581.71,4.42E-06
1583.59,4.44E-06
1585.47,4.45E-06
1587.36,4.47E-06
1589.24,4.49E-06
1591.12,4.51E-06
1593,4.54E-06
1594.89,4.56E-06
1596.77,4.58E-06
1598.66,4.61E-06
1600.55,4.63E-06
1602.43,4.65E-06
1604.32,4.67E-06
1606.21,4.69E-06
1608.1,4.72E-06
1609.99,4.74E-06
1611.88,4.77E-06
1613.77,4.80E-06
1615.66,4.83E-06
1617.55,4.87E-06
1619.44,4.90E-06
1621.34,4.93E-06
1623.23,4.97E-06
1625.12,5.00E-06
1627.02,5.03E-06
1628.91,5.06E-06
1630.81,5.10E-06
1632.71,5.15E-06
1634.61,5.19E-06
1636.5,5.24E-06
1638.4,5.30E-06
1640.3,5.35E-06
1642.2,5.41E-06
1644.1,5.48E-06
1646,5.56E-06
1647.91,5.65E-06
1649.81,5.77E-06
1651.71,5.91E-06
1653.61,6.08E-06
1655.52,6.30E-06
1657.42,6.57E-06
1659.33,6.92E-06
1661.24,7.35E-06
1663.14,7.88E-06
1665.05,8.53E-06
1666.96,9.33E-06
1668.87,1.03E-05
1670.78,1.14E-05
1672.69,1.28E-05
1674.6,1.43E-05
1676.51,1.61E-05
1678.42,1.81E-05
1680.33,2.02E-05
1682.25,2.25E-05
1684.16,2.49E-05
1686.07,2.74E-05
1687.99,3.00E-05
1689.91,3.26E-05
1691.82,3.53E-05
1693.74,3.79E-05
1695.66,4.06E-05
1697.57,4.33E-05
1699.49,4.60E-05
1701.41,4.87E-05
1703.33,5.15E-05
1705.25,5.42E-05
1707.17,5.69E-05
1709.1,5.94E-05
1711.02,6.18E-05
1712.94,6.41E-05
1714.87,6.64E-05
1716.79,6.90E-05
1718.72,7.18E-05
1720.64,7.41E-05
1722.57,7.61E-05
1724.49,7.82E-05
1726.42,8.03E-05
1728.35,8.22E-05
1730.28,8.40E-05
1732.21,8.62E-05
1734.14,8.78E-05
1736.07,8.88E-05
1738,8.96E-05
1739.93,9.07E-05
1741.86,9.17E-05
1743.8,9.29E-05
1745.73,9.44E-05
1747.67,9.64E-05
1749.6,9.90E-05
1751.54,1.02E-04
1753.47,1.06E-04
1755.41,1.10E-04
1757.35,1.12E-04
1759.29,1.09E-04
1761.22,1.06E-04
1763.16,1.04E-04
1765.1,1.02E-04
1767.04,1.00E-04
1768.99,1.04E-04
1770.93,1.06E-04
1772.87,1.07E-04
1774.81,1.07E-04
1776.76,1.08E-04
1778.7,1.09E-04
1780.65,1.11E-04
1782.59,1.18E-04
1784.54,1.35E-04
1786.49,1.69E-04
1788.43,2.34E-04
1790.38,3.72E-04
1792.33,7.27E-04
1794.28,0.00E+00
1796.23,0.00E+00
1798.18,0.00E+00
1800.13,0.00E+00
1802.08,0.00E+00
1804.04,0.00E+00
1805.99,0.00E+00
1807.94,0.00E+00
1809.9,0.00E+00
1811.85,0.00E+00
1813.81,0.00E+00
1815.76,0.00E+00
1817.72,0.00E+00
1819.68,0.00E+00
1821.64,0.00E+00
1823.6,0.00E+00
1825.56,0.00E+00
1827.52,0.00E+00
1829.48,0.00E+00
1831.44,0.00E+00
1833.4,0.00E+00
1835.36,0.00E+00
1837.33,0.00E+00
1839.29,0.00E+00
1841.25,0.00E+00
1843.22,0.00E+00
1845.18,0.00E+00
1847.15,0.00E+00
1849.12,0.00E+00
1851.08,0.00E+00
1853.05,0.00E+00
1855.02,0.00E+00
1856.99,0.00E+00
1858.96,0.00E+00
1860.93,0.00E+00
1862.9,0.00E+00
1864.88,0.00E+00
1866.85,0.00E+00
1868.82,0.00E+00
1870.8,0.00E+00
1872.77,0.00E+00
1874.74,0.00E+00
1876.72,0.00E+00
1878.7,0.00E+00
1880.67,0.00E+00
1882.65,0.00E+00
1884.63,0.00E+00
1886.61,0.00E+00
1888.59,0.00E+00
1890.57,0.00E+00
1892.55,0.00E+00
1894.53,0.00E+00
1896.51,0.00E+00
1898.49,0.00E+00
1900.48,0.00E+00
1902.46,0.00E+00
1904.45,0.00E+00
1906.43,0.00E+00
1908.42,0.00E+00
1910.4,0.00E+00
1912.39,0.00E+00
1914.38,0.00E+00
1916.37,0.00E+00
1918.35,0.00E+00
1920.34,0.00E+00
1922.33,0.00E+00
1924.32,0.00E+00
1926.32,0.00E+00
1928.31,0.00E+00
1930.3,0.00E+00
1932.29,0.00E+00
1934.29,0.00E+00
1936.28,0.00E+00
1938.28,0.00E+00
1940.27,0.00E+00
1942.27,0.00E+00
1944.27,0.00E+00
1946.26,0.00E+00
1948.26,0.00E+00
1950.26,0.00E+00
1952.26,0.00E+00
1954.26,0.00E+00
1956.26,0.00E+00
1958.26,0.00E+00
1960.26,0.00E+00
1962.27,0.00E+00
1964.27,0.00E+00
1966.27,0.00E+00
1968.28,0.00E+00
1970.28,0.00E+00
1972.29,0.00E+00
1974.3,0.00E+00
1976.3,0.00E+00
1978.31,0.00E+00
1980.32,0.00E+00
1982.33,0.00E+00
1984.34,0.00E+00
1986.35,0.00E+00
1988.36,0.00E+00
1990.37,0.00E+00
1992.38,0.00E+00
1994.39,0.00E+00
1996.41,0.00E+00
1998.42,0.00E+00
2000.44,0.00E+00
2002.45,0.00E+00
2004.47,0.00E+00
2006.48,0.00E+00
2008.5,0.00E+00
2010.52,0.00E+00
2012.54,0.00E+00
2014.55,0.00E+00
2016.57,0.00E+00
2018.59,0.00E+00
2020.61,0.00E+00
2022.64,0.00E+00
2024.66,0.00E+00
2026.68,0.00E+00
2028.7,0.00E+00
2030.73,0.00E+00
2032.75,0.00E+00
2034.78,0.00E+00
2036.8,0.00E+00
2038.83,0.00E+00
2040.86,0.00E+00
2042.88,0.00E+00
2044.91,0.00E+00
2046.94,0.00E+00
2048.97,0.00E+00
2051,0.00E+00
2053.03,0.00E+00
2055.06,0.00E+00
2057.09,0.00E+00
2059.13,0.00E+00
2061.16,0.00E+00
2063.19,0.00E+00
2065.23,0.00E+00
2067.26,0.00E+00
2069.3,0.00E+00
2071.34,0.00E+00
2073.37,0.00E+00
2075.41,0.00E+00
2077.45,0.00E+00
2079.49,0.00E+00
2081.53,0.00E+00
2083.57,0.00E+00
2085.61,0.00E+00
2087.65,0.00E+00
2089.69,0.00E+00
2091.73,0.00E+00
2093.78,0.00E+00
2095.82,0.00E+00
2097.87,0.00E+00
2099.91,0.00E+00
2101.96,0.00E+00
2104,0.00E+00
2106.05,0.00E+00
2108.1,0.00E+00
2110.15,0.00E+00
2112.2,0.00E+00
2114.24,0.00E+00
2116.29,0.00E+00
2118.35,0.00E+00
2120.4,0.00E+00
2122.45,0.00E+00
2124.5,0.00E+00
2126.55,0.00E+00
2128.61,0.00E+00
2130.66,0.00E+00
2132.72,0.00E+00
2134.77,0.00E+00
2136.83,0.00E+00
2138.89,0.00E+00
2140.95,0.00E+00
2143,0.00E+00
2145.06,0.00E+00
2147.12,0.00E+00
2149.18,0.00E+00
2151.24,0.00E+00
2153.3,0.00E+00
2155.37,0.00E+00
2157.43,0.00E+00
2159.49,0.00E+00
2161.56,0.00E+00
2163.62,0.00E+00
2165.69,0.00E+00
2167.75,0.00E+00
2169.82,0.00E+00
2171.88,0.00E+00
2173.95,0.00E+00
2176.02,0.00E+00
2178.09,0.00E+00
2180.16,0.00E+00
2182.23,0.00E+00
2184.3,0.00E+00
2186.37,0.00E+00
2188.44,0.00E+00
2190.52,0.00E+00
2192.59,0.00E+00
2194.66,0.00E+00
2196.74,0.00E+00
2198.81,0.00E+00
2200.89,0.00E+00
2202.97,0.00E+00
2205.04,0.00E+00
2207.12,0.00E+00
2209.2,0.00E+00
2211.28,0.00E+00
2213.36,0.00E+00
2215.44,0.00E+00
2217.52,0.00E+00
2219.6,0.00E+00
2221.68,0.00E+00
2223.76,0.00E+00
2225.85,0.00E+00
2227.93,0.00E+00
2230.02,0.00E+00
2232.1,0.00E+00
2234.19,0.00E+00
2236.27,0.00E+00
2238.36,0.00E+00
2240.45,0.00E+00
2242.54,0.00E+00
2244.62,0.00E+00
2246.71,0.00E+00
2248.8,0.00E+00
2250.9,0.00E+00
2252.99,0.00E+00
2255.08,0.00E+00
2257.17,0.00E+00
2259.26,0.00E+00
2261.36,0.00E+00
2263.45,0.00E+00
2265.55,0.00E+00
2267.64,0.00E+00
2269.74,0.00E+00
2271.84,0.00E+00
2273.94,0.00E+00
2276.03,0.00E+00
2278.13,0.00E+00
2280.23,0.00E+00
2282.33,0.00E+00
2284.43,0.00E+00
2286.53,0.00E+00
2288.64,0.00E+00
2290.74,0.00E+00
2292.84,0.00E+00
2294.95,0.00E+00
2297.05,0.00E+00
2299.16,0.00E+00
2301.26,0.00E+00
2303.37,0.00E+00
2305.48,0.00E+00
2307.58,0.00E+00
2309.69,0.00E+00
2311.8,0.00E+00
2313.91,0.00E+00
2316.02,0.00E+00
2318.13,0.00E+00
2320.24,0.00E+00
2322.35,0.00E+00
2324.47,0.00E+00
2326.58,0.00E+00
2328.69,0.00E+00
2330.81,0.00E+00
2332.92,0.00E+00
2335.04,0.00E+00
2337.16,0.00E+00
2339.27,0.00E+00
2341.39,0.00E+00
2343.51,0.00E+00
2345.63,0.00E+00
2347.75,0.00E+00
2349.87,0.00E+00
2351.99,0.00E+00
2354.11,0.00E+00
2356.23,0.00E+00
2358.36,0.00E+00
2360.48,0.00E+00
2362.6,0.00E+00
2364.73,0.00E+00
2366.85,0.00E+00
2368.98,0.00E+00
2371.1,0.00E+00
2373.23,0.00E+00
2375.36,0.00E+00
2377.49,0.00E+00
2379.62,0.00E+00
2381.75,0.00E+00
2383.88,0.00E+00
2386.01,0.00E+00
2388.14,0.00E+00
2390.27,0.00E+00
2392.4,0.00E+00
2394.54,0.00E+00
2396.67,0.00E+00
2398.81,0.00E+00
2400.94,0.00E+00
2403.08,0.00E+00
2405.21,0.00E+00
2407.35,0.00E+00
2409.49,0.00E+00
2411.63,0.00E+00
2413.76,0.00E+00
2415.9,0.00E+00
2418.04,0.00E+00
2420.19,0.00E+00
2422.33,0.00E+00
2424.47,0.00E+00
2426.61,0.00E+00
2428.75,0.00E+00
2430.9,0.00E+00
2433.04,0.00E+00
2435.19,0.00E+00
2437.33,0.00E+00
2439.48,0.00E+00
2441.63,0.00E+00
2443.78,0.00E+00
2445.92,0.00E+00
2448.07,0.00E+00
2450.22,0.00E+00
2452.37,0.00E+00
2454.52,0.00E+00
2456.68,0.00E+00
2458.83,0.00E+00
2460.98,0.00E+00
2463.13,0.00E+00
2465.29,0.00E+00
2467.44,0.00E+00
2469.6,0.00E+00
2471.75,0.00E+00
2473.91,0.00E+00
2476.07,0.00E+00
2478.22,0.00E+00
2480.38,0.00E+00
2482.54,0.00E+00
2484.7,0.00E+00
2486.86,0.00E+00
2489.02,0.00E+00
2491.18,0.00E+00
2493.35,0.00E+00
2495.51,0.00E+00
2497.67,0.00E+00
2499.84,0.00E+00
2502,0.00E+00
2504.17,0.00E+00
2506.33,0.00E+00
2508.5,0.00E+00
2510.67,0.00E+00
2512.83,0.00E+00
2515,0.00E+00
2517.17,0.00E+00
2519.34,0.00E+00
2521.51,0.00E+00
2523.68,0.00E+00
2525.85,0.00E+00
2528.02,0.00E+00
2530.2,0.00E+00
2532.37,0.00E+00
2534.54,0.00E+00
2536.72,0.00E+00
2538.89,0.00E+00
2541.07,0.00E+00
2543.25,0.00E+00
2545.42,0.00E+00
2547.6,0.00E+00
2549.78,0.00E+00
2551.96,0.00E+00
2554.14,0.00E+00
2556.32,0.00E+00
2558.5,0.00E+00
2560.68,0.00E+00
2562.86,0.00E+00
2565.05,0.00E+00
2567.23,0.00E+00
2569.41,0.00E+00
2571.6,0.00E+00
2573.78,0.00E+00
2575.97,0.00E+00
2578.16,0.00E+00
2580.34,0.00E+00
2582.53,0.00E+00
2584.72,0.00E+00
2586.91,0.00E+00
2589.1,0.00E+00
2591.29,0.00E+00
2593.48,0.00E+00
2595.67,0.00E+00
2597.86,0.00E+00
2600.06,0.00E+00
2602.25,0.00E+00
2604.44,0.00E+00
2606.64,0.00E+00
2608.83,0.00E+00
2611.03,0.00E+00
2613.22,0.00E+00
2615.42,0.00E+00
2617.62,0.00E+00
2619.82,0.00E+00
2622.02,0.00E+00
2624.22,0.00E+00
2626.42,0.00E+00
2628.62,0.00E+00
2630.82,0.00E+00
2633.02,0.00E+00
2635.22,0.00E+00
2637.43,0.00E+00
2639.63,0.00E+00
2641.84,0.00E+00
2644.04,0.00E+00
2646.25,0.00E+00
2648.45,0.00E+00
2650.66,0.00E+00
2652.87,0.00E+00
2655.08,0.00E+00
2657.29,0.00E+00
2659.5,0.00E+00
2661.71,0.00E+00
2663.92,0.00E+00
2666.13,0.00E+00
2668.34,0.00E+00
2670.55,0.00E+00
2672.77,0.00E+00
2674.98,0.00E+00
2677.2,0.00E+00
2679.41,0.00E+00
2681.63,0.00E+00
2683.84,0.00E+00
2686.06,0.00E+00
2688.28,0.00E+00
2690.5,0.00E+00
2692.72,0.00E+00
2694.94,0.00E+00
2697.16,0.00E+00
2699.38,0.00E+00
2701.6,0.00E+00
2703.82,0.00E+00
2706.04,0.00E+00
2708.27,0.00E+00
2710.49,0.00E+00
2712.71,0.00E+00
2714.94,0.00E+00
2717.17,0.00E+00
2719.39,0.00E+00
2721.62,0.00E+00
2723.85,0.00E+00
2726.08,0.00E+00
2728.3,0.00E+00
2730.53,0.00E+00
2732.76,0.00E+00
2735,0.00E+00
2737.23,0.00E+00
2739.46,0.00E+00
2741.69,0.00E+00
2743.93,0.00E+00
2746.16,0.00E+00
2748.39,0.00E+00
2750.63,0.00E+00
2752.87,0.00E+00
2755.1,0.00E+00
2757.34,0.00E+00
2759.58,0.00E+00
2761.82,0.00E+00
2764.05,0.00E+00
2766.29,0.00E+00
2768.53,0.00E+00
2770.78,0.00E+00
2773.02,0.00E+00
2775.26,0.00E+00
2777.5,0.00E+00
2779.75,0.00E+00
2781.99,0.00E+00
2784.23,0.00E+00
2786.48,0.00E+00
2788.72,0.00E+00
2790.97,0.00E+00
2793.22,0.00E+00
2795.47,0.00E+00
2797.71,0.00E+00
2799.96,0.00E+00
2802.21,0.00E+00
2804.46,0.00E+00
2806.71,0.00E+00
2808.97,0.00E+00
2811.22,0.00E+00
2813.47,0.00E+00
2815.72,0.00E+00
2817.98,0.00E+00
2820.23,0.00E+00
2822.49,0.00E+00
2824.74,0.00E+00
2827,0.00E+00
2829.26,0.00E+00
2831.52,0.00E+00
2833.77,0.00E+00
2836.03,0.00E+00
2838.29,0.00E+00
2840.55,0.00E+00
2842.81,0.00E+00
2845.08,0.00E+00
2847.34,0.00E+00
2849.6,0.00E+00
2851.86,0.00E+00
2854.13,0.00E+00
2856.39,0.00E+00
2858.66,0.00E+00
2860.92,0.00E+00
2863.19,0.00E+00
2865.46,0.00E+00
2867.73,0.00E+00
2869.99,0.00E+00
2872.26,0.00E+00
2874.53,0.00E+00
2876.8,0.00E+00
2879.07,0.00E+00
2881.35,0.00E+00
2883.62,0.00E+00
2885.89,0.00E+00
2888.16,0.00E+00
2890.44,0.00E+00
2892.71,0.00E+00
2894.99,0.00E+00
2897.26,0.00E+00
2899.54,0.00E+00
2901.82,0.00E+00
2904.1,0.00E+00
2906.37,0.00E+00
2908.65,0.00E+00
2910.93,0.00E+00
2913.21,0.00E+00
2915.49,0.00E+00
2917.78,0.00E+00
2920.06,0.00E+00
2922.34,0.00E+00
2924.62,0.00E+00
2926.91,0.00E+00
2929.19,0.00E+00
2931.48,0.00E+00
2933.76,0.00E+00
2936.05,0.00E+00
2938.34,0.00E+00
2940.63,0.00E+00
2942.91,0.00E+00
2945.2,0.00E+00
2947.49,0.00E+00
2949.78,0.00E+00
2952.07,0.00E+00
2954.37,0.00E+00
2956.66,0.00E+00
2958.95,0.00E+00
2961.24,0.00E+00
2963.54,0.00E+00
2965.83,0.00E+00
2968.13,0.00E+00
2970.42,0.00E+00
2972.72,0.00E+00
2975.02,0.00E+00
2977.32,0.00E+00
2979.62,0.00E+00
2981.91,0.00E+00
2984.21,0.00E+00
2986.51,0.00E+00
2988.82,0.00E+00
2991.12,0.00E+00
2993.42,0.00E+00
2995.72,0.00E+00
2998.03,0.00E+00
3000.33,0.00E+00
3002.63,0.00E+00
3004.94,0.00E+00
3007.25,0.00E+00
3009.55,0.00E+00
3011.86,0.00E+00
3014.17,0.00E+00
3016.48,0.00E+00
3018.78,0.00E+00
3021.09,0.00E+00
3023.4,0.00E+00
3025.72,0.00E+00
3028.03,0.00E+00
3030.34,0.00E+00
3032.65,0.00E+00
3034.97,0.00E+00
3037.28,0.00E+00
3039.59,0.00E+00
3041.91,0.00E+00
3044.23,0.00E+00
3046.54,0.00E+00
3048.86,0.00E+00
3051.18,0.00E+00
3053.5,0.00E+00
3055.82,0.00E+00
3058.13,0.00E+00
3060.46,0.00E+00
3062.78,0.00E+00
3065.1,0.00E+00
3067.42,0.00E+00
3069.74,0.00E+00
3072.07,0.00E+00
3074.39,0.00E+00
3076.72,0.00E+00
3079.04,0.00E+00
3081.37,0.00E+00
3083.69,0.00E+00
3086.02,0.00E+00
3088.35,0.00E+00
3090.68,0.00E+00
3093.01,0.00E+00
3095.34,0.00E+00
3097.67,0.00E+00
3100,0.00E+00
3102.33,0.00E+00
3104.66,0.00E+00
3106.99,0.00E+00
3109.33,0.00E+00
3111.66,0.00E+00
3114,0.00E+00
3116.33,0.00E+00
3118.67,0.00E+00
3121,0.00E+00
3123.34,0.00E+00
3125.68,0.00E+00
3128.02,0.00E+00
3130.36,0.00E+00
3132.7,0.00E+00
3135.04,0.00E+00
3137.38,0.00E+00
3139.72,0.00E+00
3142.06,0.00E+00
3144.4,0.00E+00
3146.75,0.00E+00
3149.09,0.00E+00
3151.44,0.00E+00
3153.78,0.00E+00
3156.13,0.00E+00
3158.47,0.00E+00
3160.82,0.00E+00
3163.17,0.00E+00
3165.52,0.00E+00
3167.87,0.00E+00
3170.22,0.00E+00
3172.57,0.00E+00
3174.92,0.00E+00
3177.27,0.00E+00
3179.62,0.00E+00
3181.98,0.00E+00
3184.33,0.00E+00
3186.68,0.00E+00
3189.04,0.00E+00
3191.39,0.00E+00
3193.75,0.00E+00
3196.11,0.00E+00
3198.46,0.00E+00
3200.82,0.00E+00
3203.18,0.00E+00
3205.54,0.00E+00
3207.9,0.00E+00
3210.26,0.00E+00
3212.62,0.00E+00
3214.98,0.00E+00
3217.34,0.00E+00
3219.71,0.00E+00
3222.07,0.00E+00
3224.43,0.00E+00
3226.8,0.00E+00
3229.16,0.00E+00
3231.53,0.00E+00
3233.9,0.00E+00
3236.26,0.00E+00
3238.63,0.00E+00
3241,0.00E+00
3243.37,0.00E+00
3245.74,0.00E+00
3248.11,0.00E+00
3250.48,0.00E+00
3252.85,0.00E+00
3255.22,0.00E+00
3257.6,0.00E+00
3259.97,0.00E+00
3262.35,0.00E+00
3264.72,0.00E+00
3267.1,0.00E+00
3269.47,0.00E+00
3271.85,0.00E+00
3274.23,0.00E+00
3276.6,0.00E+00
3278.98,0.00E+00
3281.36,0.00E+00
3283.74,0.00E+00
3286.12,0.00E+00
3288.5,0.00E+00
3290.88,0.00E+00
3293.27,0.00E+00
3295.65,0.00E+00
3298.03,0.00E+00
3300.42,0.00E+00
3302.8,0.00E+00
3305.19,0.00E+00
3307.57,0.00E+00
3309.96,0.00E+00
3312.35,0.00E+00
3314.73,0.00E+00
3317.12,0.00E+00
3319.51,0.00E+00
3321.9,0.00E+00
3324.29,0.00E+00
3326.68,0.00E+00
3329.08,0.00E+00
3331.47,0.00E+00
3333.86,0.00E+00
3336.25,0.00E+00
3338.65,0.00E+00
3341.04,0.00E+00
3343.44,0.00E+00
3345.83,0.00E+00
3348.23,0.00E+00
3350.63,0.00E+00
3353.03,0.00E+00
3355.42,0.00E+00
3357.82,0.00E+00
3360.22,0.00E+00
3362.62,0.00E+00
3365.03,0.00E+00
3367.43,0.00E+00
3369.83,0.00E+00
3372.23,0.00E+00
3374.64,0.00E+00
3377.04,0.00E+00
3379.44,0.00E+00
3381.85,0.00E+00
3384.26,0.00E+00
3386.66,0.00E+00
3389.07,0.00E+00
3391.48,0.00E+00
3393.89,0.00E+00
3396.3,0.00E+00
3398.71,0.00E+00
3401.12,0.00E+00
3403.53,0.00E+00
3405.94,0.00E+00
3408.35,0.00E+00
3410.76,0.00E+00
3413.18,0.00E+00
3415.59,0.00E+00
3418.01,0.00E+00
3420.42,0.00E+00
3422.84,0.00E+00
3425.25,0.00E+00
3427.67,0.00E+00
3430.09,0.00E+00
3432.51,0.00E+00
3434.93,0.00E+00
3437.35,0.00E+00
3439.77,0.00E+00
3442.19,0.00E+00
3444.61,0.00E+00
3447.03,0.00E+00
3449.46,0.00E+00
3451.88,0.00E+00
3454.3,0.00E+00
3456.73,0.00E+00
3459.15,0.00E+00
3461.58,0.00E+00
3464.01,0.00E+00
3466.43,0.00E+00
3468.86,0.00E+00
3471.29,0.00E+00
3473.72,0.00E+00
3476.15,0.00E+00
3478.58,0.00E+00
3481.01,0.00E+00
3483.44,0.00E+00
3485.87,0.00E+00
3488.31,0.00E+00
3490.74,0.00E+00
3493.18,0.00E+00
3495.61,0.00E+00
3498.05,0.00E+00
3500.48,0.00E+00
3502.92,0.00E+00
3505.36,0.00E+00
3507.79,0.00E+00
3510.23,0.00E+00
3512.67,0.00E+00
3515.11,0.00E+00
3517.55,0.00E+00
3519.99,0.00E+00
3522.43,0.00E+00
3524.88,0.00E+00
3527.32,0.00E+00
3529.76,0.00E+00
3532.21,0.00E+00
3534.65,0.00E+00
3537.1,0.00E+00
3539.54,0.00E+00
3541.99,0.00E+00
3544.44,0.00E+00
3546.89,0.00E+00
3549.33,0.00E+00
3551.78,0.00E+00
3554.23,0.00E+00
3556.68,0.00E+00
3559.14,0.00E+00
3561.59,0.00E+00
3564.04,0.00E+00
3566.49,0.00E+00
3568.95,0.00E+00
3571.4,0.00E+00
3573.85,0.00E+00
3576.31,0.00E+00
3578.77,0.00E+00
3581.22,0.00E+00
3583.68,0.00E+00
3586.14,0.00E+00
3588.6,0.00E+00
3591.06,0.00E+00
3593.52,0.00E+00
3595.98,0.00E+00
3598.44,0.00E+00
3600.9,0.00E+00
3603.36,0.00E+00
3605.82,0.00E+00
3608.29,0.00E+00
3610.75,0.00E+00
3613.22,0.00E+00
3615.68,0.00E+00
3618.15,0.00E+00
3620.62,0.00E+00
3623.08,0.00E+00
3625.55,0.00E+00
3628.02,0.00E+00
3630.49,0.00E+00
3632.96,0.00E+00
3635.43,0.00E+00
3637.9,0.00E+00
3640.37,0.00E+00
3642.84,0.00E+00
3645.32,0.00E+00
3647.79,0.00E+00
3650.27,0.00E+00
3652.74,0.00E+00
3655.22,0.00E+00
3657.69,0.00E+00
3660.17,0.00E+00
3662.65,0.00E+00
3665.12,0.00E+00
3667.6,0.00E+00
3670.08,0.00E+00
3672.56,0.00E+00
3675.04,0.00E+00
3677.52,0.00E+00
3680,0.00E+00
3682.49,0.00E+00
3684.97,0.00E+00
3687.45,0.00E+00
3689.94,0.00E+00
3692.42,0.00E+00
3694.91,0.00E+00
3697.39,0.00E+00
3699.88,0.00E+00
3702.37,0.00E+00
3704.86,0.00E+00
3707.34,0.00E+00
3709.83,0.00E+00
3712.32,0.00E+00
3714.81,0.00E+00
3717.31,0.00E+00
3719.8,0.00E+00
3722.29,0.00E+00
3724.78,0.00E+00
3727.28,0.00E+00
3729.77,0.00E+00
3732.27,0.00E+00
3734.76,0.00E+00
3737.26,0.00E+00
3739.75,0.00E+00
3742.25,0.00E+00
3744.75,0.00E+00
3747.25,0.00E+00
3749.75,0.00E+00
3752.25,0.00E+00
3754.75,0.00E+00
3757.25,0.00E+00
3759.75,0.00E+00
3762.25,0.00E+00
3764.76,0.00E+00
3767.26,0.00E+00
3769.76,0.00E+00
3772.27,0.00E+00
3774.77,0.00E+00
3777.28,0.00E+00
3779.79,0.00E+00
3782.29,0.00E+00
3784.8,0.00E+00
3787.31,0.00E+00
3789.82,0.00E+00
3792.33,0.00E+00
3794.84,0.00E+00
3797.35,0.00E+00
3799.86,0.00E+00
3802.38,0.00E+00
3804.89,0.00E+00
3807.4,0.00E+00
3809.92,0.00E+00
3812.43,0.00E+00
3814.95,0.00E+00
3817.46,0.00E+00
3819.98,0.00E+00
3822.5,0.00E+00
3825.02,0.00E+00
3827.53,0.00E+00
3830.05,0.00E+00
3832.57,0.00E+00
3835.09,0.00E+00
3837.61,0.00E+00
3840.14,0.00E+00
3842.66,0.00E+00
3845.18,0.00E+00
3847.71,0.00E+00
3850.23,0.00E+00
3852.75,0.00E+00
3855.28,0.00E+00
3857.81,0.00E+00
3860.33,0.00E+00
3862.86,0.00E+00
3865.39,0.00E+00
3867.92,0.00E+00
3870.45,0.00E+00
3872.98,0.00E+00
3875.51,0.00E+00
3878.04,0.00E+00
3880.57,0.00E+00
3883.1,0.00E+00
3885.64,0.00E+00
3888.17,0.00E+00
3890.7,0.00E+00
3893.24,0.00E+00
3895.77,0.00E+00
3898.31,0.00E+00
3900.85,0.00E+00
3903.38,0.00E+00
3905.92,0.00E+00
3908.46,0.00E+00
3911,0.00E+00
3913.54,0.00E+00
3916.08,0.00E+00
3918.62,0.00E+00
3921.16,0.00E+00
3923.71,0.00E+00
3926.25,0.00E+00
3928.79,0.00E+00
3931.34,0.00E+00
3933.88,0.00E+00
3936.43,0.00E+00
3938.97,0.00E+00
3941.52,0.00E+00
3944.07,0.00E+00
3946.62,0.00E+00
3949.16,0.00E+00
3951.71,0.00E+00
3954.26,0.00E+00
3956.81,0.00E+00
3959.36,0.00E+00
3961.92,0.00E+00
3964.47,0.00E+00
3967.02,0.00E+00
3969.58,0.00E+00
3972.13,0.00E+00
3974.68,0.00E+00
3977.24,0.00E+00
3979.8,0.00E+00
3982.35,0.00E+00
3984.91,0.00E+00
3987.47,0.00E+00
3990.03,0.00E+00
3992.59,0.00E+00
3995.15,0.00E+00
3997.71,0.00E+00
4000.27,0.00E+00
4002.83,0.00E+00
4005.39,0.00E+00
4007.96,0.00E+00
4010.52,0.00E+00
4013.08,0.00E+00
4015.65,0.00E+00
4018.21,0.00E+00
4020.78,0.00E+00
4023.35,0.00E+00
4025.91,0.00E+00
4028.48,0.00E+00
4031.05,0.00E+00
4033.62,0.00E+00
4036.19,0.00E+00
4038.76,0.00E+00
4041.33,0.00E+00
4043.9,0.00E+00
4046.48,0.00E+00
4049.05,0.00E+00
4051.62,0.00E+00
4054.2,0.00E+00
4056.77,0.00E+00
4059.35,0.00E+00
4061.92,0.00E+00
4064.5,0.00E+00
4067.08,0.00E+00
4069.66,0.00E+00
4072.24,0.00E+00
4074.81,0.00E+00
4077.39,0.00E+00
4079.97,0.00E+00
4082.56,0.00E+00
4085.14,0.00E+00
4087.72,0.00E+00
4090.3,0.00E+00
4092.89,0.00E+00
4095.47,0.00E+00
4098.06,0.00E+00
4100.64,0.00E+00
4103.23,0.00E+00
4105.81,0.00E+00
4108.4,0.00E+00
4110.99,0.00E+00
4113.58,0.00E+00
4116.17,0.00E+00
4118.76,0.00E+00
4121.35,0.00E+00
4123.94,0.00E+00
4126.53,0.00E+00
4129.12,0.00E+00
4131.72,0.00E+00
4134.31,0.00E+00
4136.91,0.00E+00
4139.5,0.00E+00
4142.1,0.00E+00
4144.69,0.00E+00
4147.29,0.00E+00
4149.89,0.00E+00
4152.48,0.00E+00
4155.08,0.00E+00
4157.68,0.00E+00
4160.28,0.00E+00
4162.88,0.00E+00
4165.48,0.00E+00
4168.09,0.00E+00
4170.69,0.00E+00
4173.29,0.00E+00
4175.9,0.00E+00
4178.5,0.00E+00
4181.1,0.00E+00
4183.71,0.00E+00
4186.32,0.00E+00
4188.92,0.00E+00
4191.53,0.00E+00
4194.14,0.00E+00
4196.75,0.00E+00
4199.36,0.00E+00
4201.97,0.00E+00
4204.58,0.00E+00
4207.19,0.00E+00
4209.8,0.00E+00
4212.41,0.00E+00
4215.03,0.00E+00
4217.64,0.00E+00
4220.25,0.00E+00
4222.87,0.00E+00
4225.48,0.00E+00
4228.1,0.00E+00
4230.72,0.00E+00
4233.34,0.00E+00
4235.95,0.00E+00
4238.57,0.00E+00
4241.19,0.00E+00
4243.81,0.00E+00
4246.43,0.00E+00
4249.05,0.00E+00
4251.67,0.00E+00
4254.3,0.00E+00
4256.92,0.00E+00
4259.54,0.00E+00
4262.17,0.00E+00
4264.79,0.00E+00
4267.42,0.00E+00
4270.05,0.00E+00
4272.67,0.00E+00
4275.3,0.00E+00
4277.93,0.00E+00
4280.56,0.00E+00
4283.19,0.00E+00
4285.82,0.00E+00
4288.45,0.00E+00
4291.08,0.00E+00
4293.71,0.00E+00
4296.34,0.00E+00
4298.97,0.00E+00
4301.61,0.00E+00
4304.24,0.00E+00
4306.88,0.00E+00
4309.51,0.00E+00
4312.15,0.00E+00
4314.79,0.00E+00
4317.42,0.00E+00
4320.06,0.00E+00
4322.7,0.00E+00
4325.34,0.00E+00
4327.98,0.00E+00
4330.62,0.00E+00
4333.26,0.00E+00
4335.9,0.00E+00
4338.55,0.00E+00
4341.19,0.00E+00
4343.83,0.00E+00
4346.48,0.00E+00
4349.12,0.00E+00
4351.77,0.00E+00
4354.41,0.00E+00
4357.06,0.00E+00
4359.71,0.00E+00
4362.36,0.00E+00
4365.01,0.00E+00
4367.66,0.00E+00
4370.31,0.00E+00
4372.96,0.00E+00
4375.61,0.00E+00
4378.26,0.00E+00
4380.91,0.00E+00
4383.56,0.00E+00
4386.22,0.00E+00
4388.87,0.00E+00
4391.53,0.00E+00
4394.18,0.00E+00
4396.84,0.00E+00
4399.5,0.00E+00
4402.15,0.00E+00
4404.81,0.00E+00
4407.47,0.00E+00
4410.13,0.00E+00
4412.79,0.00E+00
4415.45,0.00E+00
4418.11,0.00E+00
4420.77,0.00E+00
4423.44,0.00E+00
4426.1,0.00E+00
4428.76,0.00E+00
4431.43,0.00E+00
4434.09,0.00E+00
4436.76,0.00E+00
4439.42,0.00E+00
4442.09,0.00E+00
4444.76,0.00E+00
4447.43,0.00E+00
4450.1,0.00E+00
4452.77,0.00E+00
4455.44,0.00E+00
4458.11,0.00E+00
4460.78,0.00E+00
4463.45,0.00E+00
4466.12,0.00E+00
4468.79,0.00E+00
4471.47,0.00E+00
4474.14,0.00E+00
4476.82,0.00E+00
4479.49,0.00E+00
4482.17,0.00E+00
4484.85,0.00E+00
4487.52,0.00E+00
4490.2,0.00E+00
4492.88,0.00E+00
4495.56,0.00E+00
4498.24,0.00E+00
4500.92,0.00E+00
4503.6,0.00E+00
4506.28,0.00E+00
4508.97,0.00E+00
4511.65,0.00E+00
4514.33,0.00E+00
4517.02,0.00E+00
4519.7,0.00E+00
4522.39,0.00E+00
4525.07,0.00E+00
4527.76,0.00E+00
4530.45,0.00E+00
4533.14,0.00E+00
4535.83,0.00E+00
4538.52,0.00E+00
4541.21,0.00E+00
4543.9,0.00E+00
4546.59,0.00E+00
4549.28,0.00E+00
4551.97,0.00E+00
4554.67,0.00E+00
4557.36,0.00E+00
4560.05,0.00E+00
4562.75,0.00E+00
4565.44,0.00E+00
4568.14,0.00E+00
4570.84,0.00E+00
4573.53,0.00E+00
4576.23,0.00E+00
4578.93,0.00E+00
4581.63,0.00E+00
4584.33,0.00E+00
4587.03,0.00E+00
4589.73,0.00E+00
4592.43,0.00E+00
4595.14,0.00E+00
4597.84,0.00E+00
4600.54,0.00E+00
4603.25,0.00E+00
4605.95,0.00E+00
4608.66,0.00E+00
4611.37,0.00E+00
4614.07,0.00E+00
4616.78,0.00E+00
4619.49,0.00E+00
4622.2,0.00E+00
4624.91,0.00E+00
4627.62,0.00E+00
4630.33,0.00E+00
4633.04,0.00E+00
4635.75,0.00E+00
4638.46,0.00E+00
4641.18,0.00E+00
4643.89,0.00E+00
4646.6,0.00E+00
4649.32,0.00E+00
4652.04,0.00E+00
4654.75,0.00E+00
4657.47,0.00E+00
4660.19,0.00E+00
4662.9,0.00E+00
4665.62,0.00E+00
4668.34,0.00E+00
4671.06,0.00E+00
4673.78,0.00E+00
4676.5,0.00E+00
4679.23,0.00E+00
4681.95,0.00E+00
4684.67,0.00E+00
4687.4,0.00E+00
4690.12,0.00E+00
4692.85,0.00E+00
4695.57,0.00E+00
4698.3,0.00E+00
4701.02,0.00E+00
4703.75,0.00E+00
4706.48,0.00E+00
4709.21,0.00E+00
4711.94,0.00E+00
4714.67,0.00E+00
4717.4,0.00E+00
4720.13,0.00E+00
4722.86,0.00E+00
4725.59,0.00E+00
4728.33,0.00E+00
4731.06,0.00E+00
4733.8,0.00E+00
4736.53,0.00E+00
4739.27,0.00E+00
4742,0.00E+00
4744.74,0.00E+00
4747.48,0.00E+00
4750.22,0.00E+00
4752.95,0.00E+00
4755.69,0.00E+00
4758.43,0.00E+00
4761.17,0.00E+00
4763.92,0.00E+00
4766.66,0.00E+00
4769.4,0.00E+00
4772.14,0.00E+00
4774.89,0.00E+00
4777.63,0.00E+00
4780.38,0.00E+00
4783.12,0.00E+00
4785.87,0.00E+00
4788.62,0.00E+00
4791.36,0.00E+00
4794.11,0.00E+00
4796.86,0.00E+00
4799.61,0.00E+00
4802.36,0.00E+00
4805.11,0.00E+00
4807.86,0.00E+00
4810.61,0.00E+00
4813.37,0.00E+00
4816.12,0.00E+00
4818.87,0.00E+00
4821.63,0.00E+00
4824.38,0.00E+00
4827.14,0.00E+00
4829.9,0.00E+00
4832.65,0.00E+00
4835.41,0.00E+00
4838.17,0.00E+00
4840.93,0.00E+00
4843.69,0.00E+00
4846.45,0.00E+00
4849.21,0.00E+00
4851.97,0.00E+00
4854.73,0.00E+00
4857.49,0.00E+00
4860.26,0.00E+00
4863.02,0.00E+00
4865.78,0.00E+00
4868.55,0.00E+00
4871.32,0.00E+00
4874.08,0.00E+00
4876.85,0.00E+00
4879.62,0.00E+00
4882.38,0.00E+00
4885.15,0.00E+00
4887.92,0.00E+00
4890.69,0.00E+00
4893.46,0.00E+00
4896.23,0.00E+00
4899.01,0.00E+00
4901.78,0.00E+00
4904.55,0.00E+00
4907.33,0.00E+00
4910.1,0.00E+00
4912.88,0.00E+00
4915.65,0.00E+00
4918.43,0.00E+00
4921.2,0.00E+00
4923.98,0.00E+00
4926.76,0.00E+00
4929.54,0.00E+00
4932.32,0.00E+00
4935.1,0.00E+00
4937.88,0.00E+00
4940.66,0.00E+00
4943.44,0.00E+00
4946.23,0.00E+00
4949.01,0.00E+00
4951.79,0.00E+00
4954.58,0.00E+00
4957.36,0.00E+00
4960.15,0.00E+00
4962.93,0.00E+00
4965.72,0.00E+00
4968.51,0.00E+00
4971.3,0.00E+00
4974.09,0.00E+00
4976.88,0.00E+00
4979.67,0.00E+00
4982.46,0.00E+00
4985.25,0.00E+00
4988.04,0.00E+00
4990.83,0.00E+00
4993.63,0.00E+00
4996.42,0.00E+00
4999.21,0.00E+00
5002.01,0.00E+00
5004.8,0.00E+00
5007.6,0.00E+00
5010.4,0.00E+00
5013.2,0.00E+00
5015.99,0.00E+00
5018.79,0.00E+00
5021.59,0.00E+00
5024.39,0.00E+00
5027.19,0.00E+00
5029.99,0.00E+00
5032.8,0.00E+00
5035.6,0.00E+00
5038.4,0.00E+00
5041.21,0.00E+00
5044.01,0.00E+00
5046.82,0.00E+00
5049.62,0.00E+00
5052.43,0.00E+00
5055.23,0.00E+00
5058.04,0.00E+00
5060.85,0.00E+00
5063.66,0.00E+00
5066.47,0.00E+00
5069.28,0.00E+00
5072.09,0.00E+00
5074.9,0.00E+00
5077.71,0.00E+00
5080.53,0.00E+00
5083.34,0.00E+00
5086.15,0.00E+00
5088.97,0.00E+00
5091.78,0.00E+00
5094.6,0.00E+00
5097.41,0.00E+00
5100.23,0.00E+00
5103.05,0.00E+00
5105.87,0.00E+00
5108.69,0.00E+00
5111.51,0.00E+00
5114.33,0.00E+00
5117.15,0.00E+00
5119.97,0.00E+00
5122.79,0.00E+00
5125.61,0.00E+00
5128.44,0.00E+00
5131.26,0.00E+00
5134.08,0.00E+00
5136.91,0.00E+00
5139.74,0.00E+00
5142.56,0.00E+00
5145.39,0.00E+00
5148.22,0.00E+00
5151.04,0.00E+00
5153.87,0.00E+00
5156.7,0.00E+00
5159.53,0.00E+00
5162.36,0.00E+00
5165.2,0.00E+00
5168.03,0.00E+00
5170.86,0.00E+00
5173.69,0.00E+00
5176.53,0.00E+00
5179.36,0.00E+00
5182.2,0.00E+00
5185.03,0.00E+00
5187.87,0.00E+00
5190.71,0.00E+00
5193.54,0.00E+00
5196.38,0.00E+00
5199.22,0.00E+00
5202.06,0.00E+00
5204.9,0.00E+00
5207.74,0.00E+00
5210.58,0.00E+00
5213.42,0.00E+00
5216.27,0.00E+00
5219.11,0.00E+00
5221.95,0.00E+00
5224.8,0.00E+00
5227.64,0.00E+00
5230.49,0.00E+00
5233.34,0.00E+00
5236.18,0.00E+00
5239.03,0.00E+00
5241.88,0.00E+00
5244.73,0.00E+00
5247.58,0.00E+00
5250.43,0.00E+00
5253.28,0.00E+00
5256.13,0.00E+00
5258.98,0.00E+00
5261.83,0.00E+00
5264.69,0.00E+00
5267.54,0.00E+00
5270.4,0.00E+00
5273.25,0.00E+00
5276.11,0.00E+00
5278.96,0.00E+00
5281.82,0.00E+00
5284.68,0.00E+00
5287.54,0.00E+00
5290.4,0.00E+00
5293.26,0.00E+00
5296.12,0.00E+00
5298.98,0.00E+00
5301.84,0.00E+00
5304.7,0.00E+00
5307.56,0.00E+00
5310.43,0.00E+00
5313.29,0.00E+00
5316.15,0.00E+00
5319.02,0.00E+00
5321.88,0.00E+00
5324.75,0.00E+00
5327.62,0.00E+00
5330.49,0.00E+00
5333.35,0.00E+00
5336.22,0.00E+00
5339.09,0.00E+00
5341.96,0.00E+00
5344.83,0.00E+00
5347.7,0.00E+00
5350.58,0.00E+00
5353.45,0.00E+00
5356.32,0.00E+00
5359.2,0.00E+00
5362.07,0.00E+00
5364.95,0.00E+00
5367.82,0.00E+00
5370.7,0.00E+00
5373.58,0.00E+00
5376.45,0.00E+00
5379.33,0.00E+00
5382.21,0.00E+00
5385.09,0.00E+00
5387.97,0.00E+00
5390.85,0.00E+00
5393.73,0.00E+00
5396.61,0.00E+00
5399.5,0.00E+00
5402.38,0.00E+00
5405.26,0.00E+00
5408.15,0.00E+00
5411.03,0.00E+00
5413.92,0.00E+00
5416.81,0.00E+00
5419.69,0.00E+00
5422.58,0.00E+00
5425.47,0.00E+00
5428.36,0.00E+00
5431.25,0.00E+00
5434.14,0.00E+00
5437.03,0.00E+00
5439.92,0.00E+00
5442.81,0.00E+00
5445.71,0.00E+00
5448.6,0.00E+00
5451.49,0.00E+00
5454.39,0.00E+00
5457.28,0.00E+00
5460.18,0.00E+00
5463.07,0.00E+00
5465.97,0.00E+00
5468.87,0.00E+00
5471.77,0.00E+00
5474.67,0.00E+00
5477.57,0.00E+00
5480.47,0.00E+00
5483.37,0.00E+00
5486.27,0.00E+00
5489.17,0.00E+00
5492.07,0.00E+00
5494.98,0.00E+00
5497.88,0.00E+00
5500.79,0.00E+00
