337.41,6.70E-05
337.9241973,6.70E-05
338.4382892,6.70E-05
338.9522757,6.70E-05
339.4661568,6.70E-05
339.9799325,6.70E-05
340.4936028,6.70E-05
341.0071677,6.70E-05
341.5206272,6.70E-05
342.0339813,6.70E-05
342.54723,6.70E-05
343.0603733,6.70E-05
343.5734112,6.70E-05
344.0863437,6.70E-05
344.5991708,6.70E-05
345.1118925,6.70E-05
345.6245088,6.70E-05
346.1370197,6.70E-05
346.6494252,6.70E-05
347.1617253,6.70E-05
347.67392,6.70E-05
348.1860093,6.70E-05
348.6979932,6.70E-05
349.2098717,6.70E-05
349.7216448,6.70E-05
350.2333125,6.70E-05
350.74,6.70E-05
351.26,1.72E-05
351.77,1.36E-05
352.28,1.29E-05
352.79,1.28E-05
353.3,1.23E-05
353.81,1.25E-05
354.32,1.25E-05
354.83,1.25E-05
355.34,1.24E-05
355.85,1.23E-05
356.37,1.22E-05
356.88,1.20E-05
357.39,1.20E-05
357.9,1.18E-05
358.41,1.18E-05
358.92,1.16E-05
359.43,1.15E-05
359.93,1.14E-05
360.44,1.13E-05
360.95,1.12E-05
361.46,1.11E-05
361.97,1.09E-05
362.48,1.08E-05
362.99,1.07E-05
363.5,1.06E-05
364.01,1.05E-05
364.52,1.05E-05
365.03,1.04E-05
365.53,1.03E-05
366.04,1.02E-05
366.55,1.01E-05
367.06,1.01E-05
367.57,1.00E-05
368.08,9.90E-06
368.58,9.82E-06
369.09,9.72E-06
369.6,9.66E-06
370.11,9.58E-06
370.61,9.50E-06
371.12,9.41E-06
371.63,9.36E-06
372.14,9.27E-06
372.64,9.23E-06
373.15,9.19E-06
373.66,9.16E-06
374.16,9.11E-06
374.67,9.04E-06
375.18,8.97E-06
375.68,8.95E-06
376.19,8.90E-06
376.69,8.84E-06
377.2,8.77E-06
377.71,8.75E-06
378.21,8.65E-06
378.72,8.58E-06
379.22,8.53E-06
379.73,8.50E-06
380.24,8.44E-06
380.74,8.42E-06
381.25,8.41E-06
381.75,8.43E-06
382.26,8.39E-06
382.76,8.36E-06
383.27,8.34E-06
383.77,8.30E-06
384.27,8.24E-06
384.78,8.22E-06
385.28,8.17E-06
385.79,8.12E-06
386.29,8.08E-06
386.8,8.04E-06
387.3,7.99E-06
387.8,7.95E-06
388.31,7.91E-06
388.81,7.89E-06
389.32,7.87E-06
389.82,7.88E-06
390.32,7.85E-06
390.83,7.84E-06
391.33,7.82E-06
391.83,7.79E-06
392.33,7.76E-06
392.84,7.78E-06
393.34,7.77E-06
393.84,7.77E-06
394.34,7.75E-06
394.85,7.73E-06
395.35,7.72E-06
395.85,7.72E-06
396.35,7.71E-06
396.86,7.71E-06
397.36,7.72E-06
397.86,7.71E-06
398.36,7.69E-06
398.86,7.68E-06
399.36,7.67E-06
399.87,7.64E-06
400.37,7.63E-06
400.87,7.62E-06
401.37,7.60E-06
401.87,7.57E-06
402.37,7.58E-06
402.87,7.54E-06
403.37,7.56E-06
403.87,7.57E-06
404.37,7.55E-06
404.87,7.54E-06
405.37,7.52E-06
405.87,7.48E-06
406.37,7.46E-06
406.87,7.45E-06
407.37,7.44E-06
407.87,7.44E-06
408.37,7.40E-06
408.87,7.38E-06
409.37,7.36E-06
409.87,7.35E-06
410.37,7.32E-06
410.87,7.32E-06
411.37,7.31E-06
411.87,7.30E-06
412.36,7.28E-06
412.86,7.28E-06
413.36,7.28E-06
413.86,7.28E-06
414.36,7.26E-06
414.86,7.24E-06
415.35,7.22E-06
415.85,7.22E-06
416.35,7.23E-06
416.85,7.21E-06
417.35,7.20E-06
417.84,7.19E-06
418.34,7.17E-06
418.84,7.16E-06
419.34,7.16E-06
419.83,7.18E-06
420.33,7.19E-06
420.83,7.18E-06
421.32,7.18E-06
421.82,7.19E-06
422.32,7.21E-06
422.81,7.21E-06
423.31,7.21E-06
423.81,7.21E-06
424.3,7.19E-06
424.8,7.16E-06
425.29,7.16E-06
425.79,7.17E-06
426.29,7.18E-06
426.78,7.17E-06
427.28,7.17E-06
427.77,7.16E-06
428.27,7.15E-06
428.76,7.14E-06
429.26,7.14E-06
429.75,7.14E-06
430.25,7.14E-06
430.74,7.14E-06
431.24,7.15E-06
431.73,7.13E-06
432.23,7.12E-06
432.72,7.11E-06
433.22,7.09E-06
433.71,7.07E-06
434.2,7.05E-06
434.7,7.02E-06
435.19,6.99E-06
435.68,6.98E-06
436.18,6.97E-06
436.67,6.95E-06
437.17,6.96E-06
437.66,6.96E-06
438.15,6.94E-06
438.65,6.92E-06
439.14,6.90E-06
439.63,6.87E-06
440.12,6.83E-06
440.62,6.82E-06
441.11,6.83E-06
441.6,6.83E-06
442.09,6.82E-06
442.59,6.83E-06
443.08,6.81E-06
443.57,6.79E-06
444.06,6.78E-06
444.55,6.77E-06
445.05,6.76E-06
445.54,6.76E-06
446.03,6.76E-06
446.52,6.75E-06
447.01,6.74E-06
447.5,6.72E-06
447.99,6.72E-06
448.49,6.72E-06
448.98,6.72E-06
449.47,6.73E-06
449.96,6.74E-06
450.45,6.73E-06
450.94,6.75E-06
451.43,6.76E-06
451.92,6.75E-06
452.41,6.76E-06
452.9,6.77E-06
453.39,6.75E-06
453.88,6.75E-06
454.37,6.77E-06
454.86,6.76E-06
455.35,6.75E-06
455.84,6.75E-06
456.33,6.74E-06
456.82,6.73E-06
457.31,6.72E-06
457.79,6.71E-06
458.28,6.70E-06
458.77,6.70E-06
459.26,6.69E-06
459.75,6.68E-06
460.24,6.68E-06
460.73,6.68E-06
461.21,6.67E-06
461.7,6.66E-06
462.19,6.65E-06
462.68,6.62E-06
463.17,6.59E-06
463.65,6.56E-06
464.14,6.54E-06
464.63,6.52E-06
465.12,6.51E-06
465.6,6.48E-06
466.09,6.44E-06
466.58,6.41E-06
467.07,6.36E-06
467.55,6.31E-06
468.04,6.27E-06
468.53,6.23E-06
469.01,6.18E-06
469.5,6.14E-06
469.99,6.09E-06
470.47,6.06E-06
470.96,6.01E-06
471.44,5.97E-06
471.93,5.93E-06
472.42,5.87E-06
472.9,5.82E-06
473.39,5.77E-06
473.87,5.70E-06
474.36,5.65E-06
474.84,5.59E-06
475.33,5.52E-06
475.81,5.45E-06
476.3,5.38E-06
476.78,5.32E-06
477.27,5.25E-06
477.75,5.18E-06
478.24,5.11E-06
478.72,5.05E-06
479.21,4.98E-06
479.69,4.90E-06
480.17,4.83E-06
480.66,4.74E-06
481.14,4.65E-06
481.63,4.57E-06
482.11,4.49E-06
482.59,4.42E-06
483.08,4.35E-06
483.56,4.28E-06
484.04,4.21E-06
484.53,4.14E-06
485.01,4.08E-06
485.49,4.01E-06
485.98,3.94E-06
486.46,3.88E-06
486.94,3.82E-06
487.42,3.76E-06
487.91,3.71E-06
488.39,3.66E-06
488.87,3.61E-06
489.35,3.57E-06
489.84,3.51E-06
490.32,3.46E-06
490.8,3.42E-06
491.28,3.37E-06
491.76,3.33E-06
492.24,3.29E-06
492.73,3.26E-06
493.21,3.22E-06
493.69,3.19E-06
494.17,3.15E-06
494.65,3.12E-06
495.13,3.10E-06
495.61,3.07E-06
496.09,3.04E-06
496.57,3.02E-06
497.05,3.00E-06
497.53,2.98E-06
498.01,2.96E-06
498.49,2.94E-06
498.97,2.93E-06
499.45,2.91E-06
499.93,2.89E-06
500.41,2.88E-06
500.89,2.87E-06
501.37,2.85E-06
501.85,2.84E-06
502.33,2.83E-06
502.81,2.81E-06
503.29,2.80E-06
503.77,2.79E-06
504.25,2.79E-06
504.73,2.78E-06
505.21,2.77E-06
505.68,2.76E-06
506.16,2.76E-06
506.64,2.75E-06
507.12,2.74E-06
507.6,2.74E-06
508.08,2.73E-06
508.55,2.73E-06
509.03,2.72E-06
509.51,2.72E-06
509.99,2.71E-06
510.46,2.71E-06
510.94,2.71E-06
511.42,2.70E-06
511.9,2.70E-06
512.37,2.70E-06
512.85,2.70E-06
513.33,2.69E-06
513.8,2.69E-06
514.28,2.69E-06
514.76,2.68E-06
515.23,2.68E-06
515.71,2.68E-06
516.19,2.68E-06
516.66,2.68E-06
517.14,2.68E-06
517.61,2.68E-06
518.09,2.67E-06
518.57,2.67E-06
519.04,2.67E-06
519.52,2.67E-06
519.99,2.67E-06
520.47,2.67E-06
520.94,2.67E-06
521.42,2.66E-06
521.89,2.66E-06
522.37,2.66E-06
522.84,2.66E-06
523.32,2.65E-06
523.79,2.65E-06
524.27,2.65E-06
524.74,2.65E-06
525.22,2.65E-06
525.69,2.65E-06
526.16,2.65E-06
526.64,2.65E-06
527.11,2.65E-06
527.58,2.64E-06
528.06,2.64E-06
528.53,2.64E-06
529.01,2.64E-06
529.48,2.64E-06
529.95,2.64E-06
530.42,2.64E-06
530.9,2.64E-06
531.37,2.63E-06
531.84,2.63E-06
532.32,2.63E-06
532.79,2.63E-06
533.26,2.63E-06
533.73,2.63E-06
534.21,2.63E-06
534.68,2.63E-06
535.15,2.63E-06
535.62,2.63E-06
536.09,2.63E-06
536.57,2.63E-06
537.04,2.63E-06
537.51,2.63E-06
537.98,2.63E-06
538.45,2.63E-06
538.92,2.63E-06
539.39,2.63E-06
539.86,2.64E-06
540.34,2.64E-06
540.81,2.63E-06
541.28,2.63E-06
541.75,2.63E-06
542.22,2.63E-06
542.69,2.63E-06
543.16,2.63E-06
543.63,2.64E-06
544.1,2.64E-06
544.57,2.64E-06
545.04,2.64E-06
545.51,2.64E-06
545.98,2.64E-06
546.45,2.64E-06
546.92,2.64E-06
547.39,2.65E-06
547.86,2.65E-06
548.32,2.65E-06
548.79,2.65E-06
549.26,2.65E-06
549.73,2.65E-06
550.2,2.65E-06
550.67,2.65E-06
551.14,2.66E-06
551.6,2.66E-06
552.07,2.66E-06
552.54,2.66E-06
553.01,2.66E-06
553.48,2.67E-06
553.95,2.67E-06
554.41,2.68E-06
554.88,2.68E-06
555.35,2.69E-06
555.82,2.69E-06
556.28,2.69E-06
556.75,2.70E-06
557.22,2.70E-06
557.68,2.70E-06
558.15,2.71E-06
558.62,2.71E-06
559.08,2.72E-06
559.55,2.72E-06
560.02,2.72E-06
560.48,2.73E-06
560.95,2.73E-06
561.42,2.73E-06
561.88,2.73E-06
562.35,2.73E-06
562.81,2.74E-06
563.28,2.74E-06
563.75,2.75E-06
564.21,2.75E-06
564.68,2.75E-06
565.14,2.75E-06
565.61,2.76E-06
566.07,2.76E-06
566.54,2.76E-06
567,2.77E-06
567.47,2.77E-06
567.93,2.78E-06
568.4,2.78E-06
568.86,2.78E-06
569.32,2.78E-06
569.79,2.79E-06
570.25,2.79E-06
570.72,2.79E-06
571.18,2.80E-06
571.64,2.81E-06
572.11,2.81E-06
572.57,2.82E-06
573.04,2.82E-06
573.5,2.82E-06
573.96,2.82E-06
574.42,2.83E-06
574.89,2.83E-06
575.35,2.84E-06
575.81,2.84E-06
576.28,2.84E-06
576.74,2.84E-06
577.2,2.84E-06
577.66,2.85E-06
578.13,2.85E-06
578.59,2.85E-06
579.05,2.86E-06
579.51,2.86E-06
579.97,2.87E-06
580.44,2.87E-06
580.9,2.87E-06
581.36,2.88E-06
581.82,2.88E-06
582.28,2.88E-06
582.74,2.88E-06
583.21,2.89E-06
583.67,2.89E-06
584.13,2.89E-06
584.59,2.90E-06
585.05,2.90E-06
585.51,2.91E-06
585.97,2.91E-06
586.43,2.92E-06
586.89,2.92E-06
587.35,2.92E-06
587.81,2.93E-06
588.27,2.93E-06
588.73,2.93E-06
589.19,2.94E-06
589.65,2.94E-06
590.11,2.95E-06
590.57,2.95E-06
591.03,2.96E-06
591.49,2.96E-06
591.95,2.96E-06
592.41,2.97E-06
592.87,2.97E-06
593.32,2.97E-06
593.78,2.97E-06
594.24,2.98E-06
594.7,2.98E-06
595.16,2.98E-06
595.62,2.99E-06
596.08,2.99E-06
596.53,2.99E-06
596.99,3.00E-06
597.45,3.00E-06
597.91,3.00E-06
598.37,3.01E-06
598.82,3.01E-06
599.28,3.02E-06
599.74,3.03E-06
600.19,3.03E-06
600.65,3.03E-06
601.11,3.04E-06
601.57,3.04E-06
602.02,3.05E-06
602.48,3.05E-06
602.94,3.05E-06
603.39,3.06E-06
603.85,3.06E-06
604.31,3.07E-06
604.76,3.07E-06
605.22,3.08E-06
605.67,3.08E-06
606.13,3.09E-06
606.59,3.09E-06
607.04,3.10E-06
607.5,3.10E-06
607.95,3.11E-06
608.41,3.12E-06
608.86,3.12E-06
609.32,3.13E-06
609.77,3.13E-06
610.23,3.14E-06
610.68,3.14E-06
611.14,3.15E-06
611.59,3.16E-06
612.05,3.16E-06
612.5,3.17E-06
612.96,3.18E-06
613.41,3.19E-06
613.86,3.19E-06
614.32,3.20E-06
614.77,3.21E-06
615.23,3.21E-06
615.68,3.22E-06
616.13,3.23E-06
616.59,3.23E-06
617.04,3.24E-06
617.49,3.25E-06
617.95,3.25E-06
618.4,3.26E-06
618.85,3.26E-06
619.31,3.27E-06
619.76,3.28E-06
620.21,3.28E-06
620.66,3.29E-06
621.12,3.30E-06
621.57,3.30E-06
622.02,3.31E-06
622.47,3.32E-06
622.92,3.32E-06
623.38,3.33E-06
623.83,3.33E-06
624.28,3.34E-06
624.73,3.35E-06
625.18,3.36E-06
625.63,3.36E-06
626.09,3.37E-06
626.54,3.37E-06
626.99,3.38E-06
627.44,3.38E-06
627.89,3.39E-06
628.34,3.40E-06
628.79,3.40E-06
629.24,3.41E-06
629.69,3.41E-06
630.14,3.42E-06
630.59,3.42E-06
631.04,3.43E-06
631.49,3.44E-06
631.94,3.44E-06
632.39,3.45E-06
632.84,3.46E-06
633.29,3.46E-06
633.74,3.47E-06
634.19,3.47E-06
634.64,3.48E-06
635.09,3.48E-06
635.54,3.48E-06
635.99,3.48E-06
636.44,3.49E-06
636.88,3.49E-06
637.33,3.50E-06
637.78,3.50E-06
638.23,3.51E-06
638.68,3.51E-06
639.13,3.52E-06
639.57,3.52E-06
640.02,3.52E-06
640.47,3.53E-06
640.92,3.53E-06
641.37,3.54E-06
641.81,3.55E-06
642.26,3.56E-06
642.71,3.56E-06
643.16,3.57E-06
643.6,3.58E-06
644.05,3.58E-06
644.5,3.59E-06
644.94,3.59E-06
645.39,3.60E-06
645.84,3.60E-06
646.28,3.61E-06
646.73,3.62E-06
647.18,3.63E-06
647.62,3.64E-06
648.07,3.64E-06
648.52,3.65E-06
648.96,3.65E-06
649.41,3.66E-06
649.85,3.66E-06
650.3,3.67E-06
650.74,3.68E-06
651.19,3.69E-06
651.63,3.69E-06
652.08,3.70E-06
652.52,3.70E-06
652.97,3.71E-06
653.41,3.72E-06
653.86,3.73E-06
654.3,3.74E-06
654.75,3.75E-06
655.19,3.75E-06
655.64,3.76E-06
656.08,3.77E-06
656.53,3.78E-06
656.97,3.78E-06
657.41,3.79E-06
657.86,3.80E-06
658.3,3.81E-06
658.74,3.81E-06
659.19,3.82E-06
659.63,3.83E-06
660.07,3.83E-06
660.52,3.84E-06
660.96,3.84E-06
661.4,3.85E-06
661.85,3.86E-06
662.29,3.86E-06
662.73,3.87E-06
663.17,3.88E-06
663.62,3.88E-06
664.06,3.89E-06
664.5,3.89E-06
664.94,3.90E-06
665.39,3.91E-06
665.83,3.92E-06
666.27,3.92E-06
666.71,3.93E-06
667.15,3.94E-06
667.59,3.94E-06
668.03,3.95E-06
668.48,3.96E-06
668.92,3.96E-06
669.36,3.97E-06
669.8,3.98E-06
670.24,3.98E-06
670.68,3.99E-06
671.12,4.00E-06
671.56,4.01E-06
672,4.02E-06
672.44,4.03E-06
672.88,4.03E-06
673.32,4.03E-06
673.76,4.03E-06
674.2,4.04E-06
674.64,4.05E-06
675.08,4.05E-06
675.52,4.05E-06
675.96,4.06E-06
676.4,4.07E-06
676.84,4.07E-06
677.28,4.07E-06
677.72,4.08E-06
678.16,4.08E-06
678.6,4.09E-06
679.03,4.09E-06
679.47,4.09E-06
679.91,4.10E-06
680.35,4.10E-06
680.79,4.11E-06
681.23,4.11E-06
681.66,4.12E-06
682.1,4.13E-06
682.54,4.13E-06
682.98,4.13E-06
683.42,4.13E-06
683.85,4.14E-06
684.29,4.14E-06
684.73,4.15E-06
685.17,4.15E-06
685.6,4.16E-06
686.04,4.16E-06
686.48,4.17E-06
686.91,4.17E-06
687.35,4.18E-06
687.79,4.18E-06
688.22,4.18E-06
688.66,4.19E-06
689.1,4.19E-06
689.53,4.19E-06
689.97,4.20E-06
690.4,4.20E-06
690.84,4.21E-06
691.28,4.22E-06
691.71,4.22E-06
692.15,4.23E-06
692.58,4.23E-06
693.02,4.24E-06
693.45,4.24E-06
693.89,4.24E-06
694.32,4.25E-06
694.76,4.26E-06
695.19,4.26E-06
695.63,4.27E-06
696.06,4.27E-06
696.5,4.28E-06
696.93,4.28E-06
697.37,4.28E-06
697.8,4.28E-06
698.23,4.28E-06
698.67,4.28E-06
699.1,4.29E-06
699.54,4.30E-06
699.97,4.30E-06
700.4,4.31E-06
700.84,4.31E-06
701.27,4.31E-06
701.7,4.31E-06
702.14,4.31E-06
702.57,4.32E-06
703,4.32E-06
703.44,4.32E-06
703.87,4.33E-06
704.3,4.33E-06
704.73,4.34E-06
705.17,4.34E-06
705.6,4.34E-06
706.03,4.34E-06
706.46,4.34E-06
706.89,4.34E-06
707.33,4.34E-06
707.76,4.34E-06
708.19,4.34E-06
708.62,4.35E-06
709.05,4.35E-06
709.48,4.35E-06
709.92,4.36E-06
710.35,4.36E-06
710.78,4.36E-06
711.21,4.36E-06
711.64,4.36E-06
712.07,4.36E-06
712.5,4.35E-06
712.93,4.36E-06
713.36,4.36E-06
713.79,4.37E-06
714.22,4.38E-06
714.65,4.38E-06
715.08,4.38E-06
715.51,4.39E-06
715.94,4.39E-06
716.37,4.40E-06
716.8,4.40E-06
717.23,4.41E-06
717.66,4.41E-06
718.09,4.42E-06
718.52,4.42E-06
718.95,4.43E-06
719.38,4.43E-06
719.8,4.44E-06
720.23,4.44E-06
720.66,4.44E-06
721.09,4.45E-06
721.52,4.45E-06
721.95,4.46E-06
722.38,4.46E-06
722.8,4.47E-06
723.23,4.47E-06
723.66,4.48E-06
724.09,4.48E-06
724.51,4.49E-06
724.94,4.49E-06
725.37,4.50E-06
725.8,4.51E-06
726.22,4.51E-06
726.65,4.52E-06
727.08,4.52E-06
727.51,4.53E-06
727.93,4.53E-06
728.36,4.53E-06
728.79,4.54E-06
729.21,4.54E-06
729.64,4.54E-06
730.06,4.55E-06
730.49,4.55E-06
730.92,4.56E-06
731.34,4.57E-06
731.77,4.57E-06
732.19,4.58E-06
732.62,4.58E-06
733.05,4.59E-06
733.47,4.58E-06
733.9,4.59E-06
734.32,4.59E-06
734.75,4.59E-06
735.17,4.60E-06
735.6,4.60E-06
736.02,4.61E-06
736.45,4.61E-06
736.87,4.62E-06
737.3,4.62E-06
737.72,4.63E-06
738.14,4.63E-06
738.57,4.64E-06
738.99,4.64E-06
739.42,4.65E-06
739.84,4.65E-06
740.26,4.66E-06
740.69,4.67E-06
741.11,4.68E-06
741.54,4.70E-06
741.96,4.71E-06
742.38,4.72E-06
742.8,4.73E-06
743.23,4.73E-06
743.65,4.74E-06
744.07,4.75E-06
744.5,4.76E-06
744.92,4.77E-06
745.34,4.78E-06
745.76,4.79E-06
746.19,4.80E-06
746.61,4.82E-06
747.03,4.83E-06
747.45,4.84E-06
747.87,4.85E-06
748.3,4.87E-06
748.72,4.88E-06
749.14,4.89E-06
749.56,4.90E-06
749.98,4.92E-06
750.4,4.93E-06
750.82,4.95E-06
751.25,4.96E-06
751.67,4.97E-06
752.09,4.98E-06
752.51,4.99E-06
752.93,5.00E-06
753.35,5.02E-06
753.77,5.03E-06
754.19,5.04E-06
754.61,5.05E-06
755.03,5.06E-06
755.45,5.07E-06
755.87,5.08E-06
756.29,5.09E-06
756.71,5.10E-06
757.13,5.11E-06
757.55,5.11E-06
757.97,5.12E-06
758.39,5.12E-06
758.81,5.13E-06
759.22,5.14E-06
759.64,5.15E-06
760.06,5.16E-06
760.48,5.16E-06
760.9,5.17E-06
761.32,5.18E-06
761.74,5.19E-06
762.15,5.20E-06
762.57,5.20E-06
762.99,5.21E-06
763.41,5.22E-06
763.83,5.22E-06
764.24,5.23E-06
764.66,5.24E-06
765.08,5.25E-06
765.5,5.25E-06
765.91,5.26E-06
766.33,5.27E-06
766.75,5.28E-06
767.17,5.29E-06
767.58,5.30E-06
768,5.32E-06
768.42,5.33E-06
768.83,5.35E-06
769.25,5.36E-06
769.67,5.38E-06
770.08,5.40E-06
770.5,5.41E-06
770.91,5.42E-06
771.33,5.43E-06
771.75,5.44E-06
772.16,5.45E-06
772.58,5.46E-06
772.99,5.47E-06
773.41,5.49E-06
773.82,5.49E-06
774.24,5.50E-06
774.65,5.51E-06
775.07,5.52E-06
775.48,5.53E-06
775.9,5.54E-06
776.31,5.55E-06
776.73,5.55E-06
777.14,5.56E-06
777.56,5.58E-06
777.97,5.59E-06
778.39,5.60E-06
778.8,5.62E-06
779.21,5.63E-06
779.63,5.64E-06
780.04,5.66E-06
780.46,5.67E-06
780.87,5.67E-06
781.28,5.67E-06
781.7,5.68E-06
782.11,5.69E-06
782.52,5.71E-06
782.93,5.72E-06
783.35,5.74E-06
783.76,5.75E-06
784.17,5.76E-06
784.59,5.77E-06
785,5.78E-06
785.41,5.78E-06
785.82,5.78E-06
786.24,5.78E-06
786.65,5.79E-06
787.06,5.80E-06
787.47,5.81E-06
787.88,5.81E-06
788.29,5.81E-06
788.71,5.81E-06
789.12,5.81E-06
789.53,5.82E-06
789.94,5.82E-06
790.35,5.83E-06
790.76,5.83E-06
791.17,5.83E-06
791.58,5.83E-06
791.99,5.83E-06
792.4,5.84E-06
792.82,5.84E-06
793.23,5.85E-06
793.64,5.85E-06
794.05,5.85E-06
794.46,5.85E-06
794.87,5.85E-06
795.28,5.85E-06
795.69,5.86E-06
796.1,5.86E-06
796.51,5.86E-06
796.91,5.86E-06
797.32,5.87E-06
797.73,5.88E-06
798.14,5.88E-06
798.55,5.89E-06
798.96,5.90E-06
799.37,5.90E-06
799.78,5.90E-06
800.19,5.91E-06
800.59,5.91E-06
801,5.92E-06
801.41,5.93E-06
801.82,5.93E-06
802.23,5.94E-06
802.64,5.95E-06
803.04,5.95E-06
803.45,5.95E-06
803.86,5.96E-06
804.27,5.97E-06
804.67,5.98E-06
805.08,5.99E-06
805.49,6.00E-06
805.9,6.01E-06
806.3,6.02E-06
806.71,6.03E-06
807.12,6.04E-06
807.52,6.05E-06
807.93,6.06E-06
808.34,6.07E-06
808.74,6.08E-06
809.15,6.09E-06
809.55,6.10E-06
809.96,6.11E-06
810.37,6.12E-06
810.77,6.13E-06
811.18,6.14E-06
811.58,6.15E-06
811.99,6.16E-06
812.39,6.18E-06
812.8,6.19E-06
813.21,6.21E-06
813.61,6.22E-06
814.02,6.23E-06
814.42,6.24E-06
814.82,6.25E-06
815.23,6.26E-06
815.63,6.27E-06
816.04,6.29E-06
816.44,6.30E-06
816.85,6.31E-06
817.25,6.33E-06
817.66,6.34E-06
818.06,6.35E-06
818.46,6.35E-06
818.87,6.36E-06
819.27,6.37E-06
819.67,6.38E-06
820.08,6.39E-06
820.48,6.40E-06
820.88,6.42E-06
821.29,6.43E-06
821.69,6.44E-06
822.09,6.45E-06
822.5,6.46E-06
822.9,6.47E-06
823.3,6.48E-06
823.7,6.50E-06
824.11,6.52E-06
824.51,6.53E-06
824.91,6.54E-06
825.31,6.56E-06
825.71,6.58E-06
826.12,6.59E-06
826.52,6.60E-06
826.92,6.61E-06
827.32,6.61E-06
827.72,6.63E-06
828.12,6.64E-06
828.53,6.66E-06
828.93,6.67E-06
829.33,6.69E-06
829.73,6.70E-06
830.13,6.72E-06
830.53,6.74E-06
830.93,6.76E-06
831.33,6.77E-06
831.73,6.79E-06
832.13,6.80E-06
832.53,6.82E-06
832.93,6.84E-06
833.33,6.86E-06
833.73,6.88E-06
834.13,6.89E-06
834.53,6.90E-06
834.93,6.92E-06
835.33,6.93E-06
835.73,6.95E-06
836.13,6.97E-06
836.53,7.00E-06
836.93,7.02E-06
837.33,7.05E-06
837.72,7.08E-06
838.12,7.10E-06
838.52,7.13E-06
838.92,7.15E-06
839.32,7.18E-06
839.72,7.20E-06
840.11,7.23E-06
840.51,7.26E-06
840.91,7.29E-06
841.31,7.32E-06
841.71,7.35E-06
842.1,7.37E-06
842.5,7.39E-06
842.9,7.43E-06
843.3,7.46E-06
843.69,7.49E-06
844.09,7.51E-06
844.49,7.54E-06
844.88,7.56E-06
845.28,7.58E-06
845.68,7.60E-06
846.07,7.63E-06
846.47,7.66E-06
846.87,7.68E-06
847.26,7.70E-06
847.66,7.73E-06
848.06,7.75E-06
848.45,7.78E-06
848.85,7.80E-06
849.24,7.82E-06
849.64,7.85E-06
850.03,7.88E-06
850.43,7.90E-06
850.82,7.93E-06
851.22,7.96E-06
851.61,7.99E-06
852.01,8.01E-06
852.4,8.03E-06
852.8,8.05E-06
853.19,8.06E-06
853.59,8.08E-06
853.98,8.10E-06
854.38,8.12E-06
854.77,8.13E-06
855.17,8.15E-06
855.56,8.16E-06
855.95,8.17E-06
856.35,8.18E-06
856.74,8.20E-06
857.14,8.22E-06
857.53,8.25E-06
857.92,8.26E-06
858.32,8.28E-06
858.71,8.30E-06
859.1,8.31E-06
859.49,8.32E-06
859.89,8.34E-06
860.28,8.37E-06
860.67,8.39E-06
861.07,8.41E-06
861.46,8.42E-06
861.85,8.44E-06
862.24,8.45E-06
862.63,8.46E-06
863.03,8.47E-06
863.42,8.49E-06
863.81,8.51E-06
864.2,8.52E-06
864.59,8.53E-06
864.99,8.55E-06
865.38,8.57E-06
865.77,8.58E-06
866.16,8.60E-06
866.55,8.61E-06
866.94,8.62E-06
867.33,8.63E-06
867.72,8.65E-06
868.11,8.66E-06
868.5,8.66E-06
868.89,8.67E-06
869.29,8.69E-06
869.68,8.70E-06
870.07,8.71E-06
870.46,8.74E-06
870.85,8.76E-06
871.24,8.78E-06
871.63,8.79E-06
872.01,8.81E-06
872.4,8.82E-06
872.79,8.83E-06
873.18,8.84E-06
873.57,8.86E-06
873.96,8.87E-06
874.35,8.90E-06
874.74,8.92E-06
875.13,8.95E-06
875.52,8.97E-06
875.91,8.99E-06
876.29,9.00E-06
876.68,9.01E-06
877.07,9.04E-06
877.46,9.05E-06
877.85,9.07E-06
878.23,9.09E-06
878.62,9.12E-06
879.01,9.13E-06
879.4,9.15E-06
879.78,9.17E-06
880.17,9.19E-06
880.56,9.21E-06
880.95,9.23E-06
881.33,9.24E-06
881.72,9.25E-06
882.11,9.26E-06
882.49,9.27E-06
882.88,9.28E-06
883.27,9.31E-06
883.65,9.34E-06
884.04,9.37E-06
884.43,9.40E-06
884.81,9.43E-06
885.2,9.45E-06
885.58,9.47E-06
885.97,9.48E-06
886.36,9.49E-06
886.74,9.51E-06
887.13,9.52E-06
887.51,9.55E-06
887.9,9.58E-06
888.28,9.59E-06
888.67,9.60E-06
889.05,9.62E-06
889.44,9.63E-06
889.82,9.65E-06
890.21,9.68E-06
890.59,9.72E-06
890.98,9.74E-06
891.36,9.77E-06
891.75,9.79E-06
892.13,9.80E-06
892.51,9.82E-06
892.9,9.85E-06
893.28,9.87E-06
893.66,9.88E-06
894.05,9.90E-06
894.43,9.92E-06
894.82,9.92E-06
895.2,9.95E-06
895.58,9.97E-06
895.96,9.99E-06
896.35,1.00E-05
896.73,1.00E-05
897.11,1.00E-05
897.5,1.01E-05
897.88,1.01E-05
898.26,1.01E-05
898.64,1.01E-05
899.03,1.01E-05
899.41,1.01E-05
899.79,1.02E-05
900.17,1.02E-05
900.55,1.02E-05
900.94,1.02E-05
901.32,1.02E-05
901.7,1.03E-05
902.08,1.03E-05
902.46,1.03E-05
902.84,1.03E-05
903.22,1.04E-05
903.6,1.04E-05
903.99,1.04E-05
904.37,1.04E-05
904.75,1.04E-05
905.13,1.04E-05
905.51,1.05E-05
905.89,1.05E-05
906.27,1.05E-05
906.65,1.06E-05
907.03,1.06E-05
907.41,1.06E-05
907.79,1.06E-05
908.17,1.07E-05
908.55,1.07E-05
908.93,1.07E-05
909.31,1.08E-05
909.69,1.08E-05
910.06,1.08E-05
910.44,1.09E-05
910.82,1.09E-05
911.2,1.09E-05
911.58,1.10E-05
911.96,1.10E-05
912.34,1.10E-05
912.72,1.11E-05
913.09,1.11E-05
913.47,1.11E-05
913.85,1.12E-05
914.23,1.12E-05
914.61,1.13E-05
914.98,1.13E-05
915.36,1.14E-05
915.74,1.14E-05
916.12,1.14E-05
916.49,1.14E-05
916.87,1.15E-05
917.25,1.16E-05
917.63,1.16E-05
918,1.17E-05
918.38,1.17E-05
918.76,1.18E-05
919.13,1.18E-05
919.51,1.18E-05
919.89,1.19E-05
920.26,1.19E-05
920.64,1.20E-05
921.02,1.21E-05
921.39,1.21E-05
921.77,1.22E-05
922.14,1.22E-05
922.52,1.23E-05
922.89,1.23E-05
923.27,1.24E-05
923.65,1.25E-05
924.02,1.25E-05
924.4,1.26E-05
924.77,1.26E-05
925.15,1.27E-05
925.52,1.27E-05
925.9,1.28E-05
926.27,1.29E-05
926.64,1.29E-05
927.02,1.30E-05
927.39,1.31E-05
927.77,1.31E-05
928.14,1.31E-05
928.52,1.32E-05
928.89,1.33E-05
929.26,1.33E-05
929.64,1.34E-05
930.01,1.35E-05
930.38,1.36E-05
930.76,1.37E-05
931.13,1.37E-05
931.5,1.38E-05
931.88,1.39E-05
932.25,1.39E-05
932.62,1.40E-05
933,1.41E-05
933.37,1.42E-05
933.74,1.42E-05
934.11,1.43E-05
934.49,1.44E-05
934.86,1.44E-05
935.23,1.45E-05
935.6,1.46E-05
935.97,1.46E-05
936.35,1.47E-05
936.72,1.48E-05
937.09,1.48E-05
937.46,1.49E-05
937.83,1.50E-05
938.2,1.51E-05
938.57,1.51E-05
938.95,1.52E-05
939.32,1.53E-05
939.69,1.54E-05
940.06,1.54E-05
940.43,1.55E-05
940.8,1.56E-05
941.17,1.56E-05
941.54,1.57E-05
941.91,1.58E-05
942.28,1.59E-05
942.65,1.59E-05
943.02,1.60E-05
943.39,1.61E-05
943.76,1.61E-05
944.13,1.62E-05
944.5,1.63E-05
944.87,1.64E-05
945.24,1.65E-05
945.61,1.66E-05
945.98,1.67E-05
946.34,1.68E-05
946.71,1.69E-05
947.08,1.69E-05
947.45,1.70E-05
947.82,1.71E-05
948.19,1.72E-05
948.56,1.72E-05
948.92,1.73E-05
949.29,1.74E-05
949.66,1.74E-05
950.03,1.75E-05
950.4,1.76E-05
950.76,1.77E-05
951.13,1.78E-05
951.5,1.79E-05
951.87,1.80E-05
952.23,1.81E-05
952.6,1.82E-05
952.97,1.83E-05
953.33,1.83E-05
953.7,1.84E-05
954.07,1.85E-05
954.43,1.86E-05
954.8,1.87E-05
955.17,1.88E-05
955.53,1.89E-05
955.9,1.90E-05
956.27,1.91E-05
956.63,1.92E-05
957,1.93E-05
957.36,1.94E-05
957.73,1.95E-05
958.1,1.96E-05
958.46,1.97E-05
958.83,1.98E-05
959.19,1.99E-05
959.56,2.00E-05
959.92,2.01E-05
960.29,2.02E-05
960.65,2.03E-05
961.02,2.04E-05
961.38,2.05E-05
961.75,2.06E-05
962.11,2.08E-05
962.47,2.09E-05
962.84,2.10E-05
963.2,2.11E-05
963.57,2.13E-05
963.93,2.14E-05
964.29,2.15E-05
964.66,2.16E-05
965.02,2.18E-05
965.38,2.19E-05
965.75,2.20E-05
966.11,2.21E-05
966.47,2.22E-05
966.84,2.23E-05
967.2,2.24E-05
967.56,2.26E-05
967.93,2.27E-05
968.29,2.28E-05
968.65,2.30E-05
969.01,2.31E-05
969.38,2.33E-05
969.74,2.35E-05
970.1,2.36E-05
970.46,2.37E-05
970.82,2.38E-05
971.19,2.40E-05
971.55,2.41E-05
971.91,2.42E-05
972.27,2.43E-05
972.63,2.44E-05
972.99,2.45E-05
973.35,2.47E-05
973.72,2.49E-05
974.08,2.51E-05
974.44,2.52E-05
974.8,2.53E-05
975.16,2.54E-05
975.52,2.56E-05
975.88,2.57E-05
976.24,2.58E-05
976.6,2.59E-05
976.96,2.61E-05
977.32,2.62E-05
977.68,2.63E-05
978.04,2.64E-05
978.4,2.66E-05
978.76,2.68E-05
979.12,2.69E-05
979.48,2.71E-05
979.84,2.72E-05
980.2,2.74E-05
980.56,2.76E-05
980.91,2.77E-05
981.27,2.79E-05
981.63,2.80E-05
981.99,2.80E-05
982.35,2.82E-05
982.71,2.83E-05
983.07,2.85E-05
983.42,2.88E-05
983.78,2.89E-05
984.14,2.91E-05
984.5,2.93E-05
984.86,2.94E-05
985.21,2.96E-05
985.57,2.97E-05
985.93,2.98E-05
986.29,2.99E-05
986.64,3.00E-05
987,3.01E-05
987.36,3.03E-05
987.71,3.05E-05
988.07,3.07E-05
988.43,3.09E-05
988.78,3.11E-05
989.14,3.13E-05
989.5,3.15E-05
989.85,3.17E-05
990.21,3.18E-05
990.57,3.20E-05
990.92,3.21E-05
991.28,3.22E-05
991.63,3.23E-05
991.99,3.24E-05
992.35,3.26E-05
992.7,3.28E-05
993.06,3.31E-05
993.41,3.33E-05
993.77,3.36E-05
994.12,3.38E-05
994.48,3.39E-05
994.83,3.42E-05
995.19,3.44E-05
995.54,3.45E-05
995.89,3.46E-05
996.25,3.48E-05
996.6,3.51E-05
996.96,3.53E-05
997.31,3.55E-05
997.67,3.57E-05
998.02,3.59E-05
998.37,3.60E-05
998.73,3.63E-05
999.08,3.66E-05
999.43,3.68E-05
999.79,3.71E-05
1000.14,3.74E-05
1000.49,3.76E-05
1000.85,3.79E-05
1001.2,3.82E-05
1001.55,3.85E-05
1001.91,3.87E-05
1002.26,3.90E-05
1002.61,3.91E-05
1002.96,3.93E-05
1003.32,3.95E-05
1003.67,3.99E-05
1004.02,4.03E-05
1004.37,4.07E-05
1004.72,4.10E-05
1005.08,4.13E-05
1005.43,4.13E-05
1005.78,4.15E-05
1006.13,4.18E-05
1006.48,4.22E-05
1006.83,4.25E-05
1007.18,4.30E-05
1007.53,4.33E-05
1007.89,4.36E-05
1008.24,4.38E-05
1008.59,4.41E-05
1008.94,4.45E-05
1009.29,4.49E-05
1009.64,4.52E-05
1009.99,4.55E-05
1010.34,4.59E-05
1010.69,4.62E-05
1011.04,4.67E-05
1011.39,4.71E-05
1011.74,4.75E-05
1012.09,4.77E-05
1012.44,4.81E-05
1012.79,4.84E-05
1013.14,4.88E-05
1013.49,4.92E-05
1013.84,4.97E-05
1014.18,5.03E-05
1014.53,5.07E-05
1014.88,5.11E-05
1015.23,5.15E-05
1015.58,5.19E-05
1015.93,5.21E-05
1016.28,5.26E-05
1016.62,5.31E-05
1016.97,5.35E-05
1017.32,5.40E-05
1017.67,5.45E-05
1018.02,5.50E-05
1018.36,5.54E-05
1018.71,5.58E-05
1019.06,5.65E-05
1019.41,5.70E-05
1019.75,5.74E-05
1020.1,5.81E-05
1020.45,5.88E-05
1020.8,5.94E-05
1021.14,5.99E-05
1021.49,6.06E-05
1021.84,6.10E-05
1022.18,6.16E-05
1022.53,6.20E-05
1022.88,6.26E-05
1023.22,6.32E-05
1023.57,6.39E-05
1023.91,6.45E-05
1024.26,6.52E-05
1024.61,6.59E-05
1024.95,6.63E-05
1025.3,6.68E-05
1025.64,6.74E-05
1025.99,6.80E-05
1026.33,6.90E-05
1026.68,7.00E-05
1027.02,7.07E-05
1027.37,7.14E-05
1027.71,7.20E-05
1028.06,7.24E-05
1028.4,7.31E-05
1028.75,7.39E-05
1029.09,7.44E-05
1029.44,7.49E-05
1029.78,7.56E-05
1030.13,7.62E-05
1030.47,7.71E-05
1030.81,7.79E-05
1031.16,7.89E-05
1031.5,7.96E-05
1031.85,7.97E-05
1032.19,8.00E-05
1032.53,8.09E-05
1032.88,8.18E-05
1033.22,8.30E-05
1033.56,8.44E-05
1033.91,8.54E-05
1034.25,8.62E-05
1034.59,8.74E-05
1034.93,8.82E-05
1035.28,8.92E-05
1035.62,9.03E-05
1035.96,9.13E-05
1036.3,9.18E-05
1036.65,9.23E-05
1036.99,9.31E-05
1037.33,9.40E-05
1037.67,9.49E-05
1038.01,9.58E-05
1038.36,9.70E-05
1038.7,9.79E-05
1039.04,9.88E-05
1039.38,1.00E-04
1039.72,1.01E-04
1040.06,1.02E-04
1040.4,1.04E-04
1040.74,1.04E-04
1041.08,1.05E-04
1041.43,1.05E-04
1041.77,1.06E-04
1042.11,1.07E-04
1042.45,1.08E-04
1042.79,1.09E-04
1043.13,1.10E-04
1043.47,1.11E-04
1043.81,1.12E-04
1044.15,1.14E-04
1044.49,1.17E-04
1044.83,1.18E-04
1045.17,1.19E-04
1045.51,1.20E-04
1045.84,1.20E-04
1046.18,1.21E-04
1046.52,1.21E-04
1046.86,1.23E-04
1047.2,1.24E-04
1047.54,1.25E-04
1047.88,1.26E-04
1048.22,1.28E-04
1048.56,1.29E-04
1048.89,1.30E-04
1049.23,1.32E-04
1049.57,1.32E-04
1049.91,1.33E-04
1050.25,1.34E-04
1050.58,1.36E-04
1050.92,1.37E-04
1051.26,1.41E-04
1051.6,1.42E-04
1051.93,1.43E-04
1052.27,1.45E-04
1052.61,1.47E-04
1052.95,1.47E-04
1053.28,1.48E-04
1053.62,1.50E-04
1053.96,1.52E-04
1054.29,1.52E-04
1054.63,1.54E-04
1054.97,1.56E-04
1055.3,1.58E-04
1055.64,1.60E-04
1055.98,1.62E-04
1056.31,1.63E-04
1056.65,1.63E-04
1056.98,1.63E-04
1057.32,1.65E-04
1057.66,1.67E-04
1057.99,1.70E-04
1058.33,1.73E-04
1058.66,1.77E-04
1059,1.77E-04
1059.33,1.77E-04
1059.67,1.78E-04
1060,1.78E-04
1060.34,1.80E-04
1060.67,1.82E-04
1061.01,1.85E-04
1061.34,1.88E-04
1061.67,1.92E-04
1062.01,1.94E-04
1062.34,1.97E-04
1062.68,1.98E-04
1063.01,1.99E-04
1063.35,2.00E-04
1063.68,2.01E-04
1064.01,2.02E-04
1064.35,2.02E-04
1064.68,2.05E-04
1065.01,2.07E-04
1065.35,2.08E-04
1065.68,2.09E-04
1066.01,2.11E-04
1066.35,2.12E-04
1066.68,2.14E-04
1067.01,2.16E-04
1067.34,2.19E-04
1067.68,2.21E-04
1068.01,2.21E-04
1068.34,2.21E-04
1068.67,2.22E-04
1069,2.21E-04
1069.34,2.23E-04
1069.67,2.25E-04
1070,2.27E-04
1070.33,2.27E-04
1070.66,2.30E-04
1070.99,2.33E-04
1071.33,2.35E-04
1071.66,2.38E-04
1071.99,2.39E-04
1072.32,2.40E-04
1072.65,2.40E-04
1072.98,2.43E-04
1073.31,2.47E-04
1073.64,2.50E-04
1073.97,2.51E-04
1074.3,2.53E-04
1074.63,2.53E-04
1074.96,2.52E-04
1075.29,2.56E-04
1075.62,2.58E-04
1075.95,2.62E-04
1076.28,2.64E-04
1076.61,2.66E-04
1076.94,2.67E-04
1077.27,2.69E-04
1077.6,2.71E-04
1077.93,2.71E-04
1078.26,2.73E-04
1078.59,2.81E-04
1078.92,2.85E-04
1079.25,2.85E-04
1079.58,2.90E-04
1079.9,2.91E-04
1080.23,2.88E-04
1080.56,2.84E-04
1080.89,2.88E-04
1081.22,2.89E-04
1081.55,2.92E-04
1081.87,2.95E-04
1082.2,2.99E-04
1082.53,3.00E-04
1082.86,3.03E-04
1083.18,3.05E-04
1083.51,3.09E-04
1083.84,3.09E-04
1084.17,3.08E-04
1084.49,3.13E-04
1084.82,3.11E-04
1085.15,3.11E-04
1085.47,3.15E-04
1085.8,3.19E-04
1086.13,3.19E-04
1086.45,3.21E-04
1086.78,3.22E-04
1087.11,3.25E-04
1087.43,3.27E-04
1087.76,3.29E-04
1088.08,3.34E-04
1088.41,3.30E-04
1088.74,3.32E-04
1089.06,3.33E-04
1089.39,3.35E-04
1089.71,3.36E-04
1090.04,3.38E-04
1090.36,3.40E-04
1090.69,3.41E-04
1091.01,3.43E-04
1091.34,3.44E-04
1091.66,3.46E-04
1091.99,3.47E-04
1092.31,3.49E-04
1092.64,3.50E-04
1092.96,3.52E-04
1093.29,3.54E-04
1093.61,3.55E-04
1093.93,3.57E-04
1094.26,3.58E-04
1094.58,3.60E-04
1094.9,3.61E-04
1095.23,3.63E-04
1095.55,3.64E-04
1095.88,3.66E-04
1096.2,3.68E-04
1096.52,3.69E-04
1096.85,3.71E-04
1097.17,3.72E-04
1097.49,3.74E-04
1097.81,3.75E-04
1098.14,3.77E-04
1098.46,3.79E-04
1098.78,3.80E-04
1099.1,3.82E-04
1099.43,3.83E-04
1099.75,3.85E-04
1100.07,3.86E-04
1100.4,3.88E-04
1100.72,3.89E-04
1101.04,3.91E-04
1101.36,3.93E-04
1101.679049,3.94E-04
1102.00047,3.96E-04
1102.321785,3.97E-04
1102.642995,3.99E-04
1102.9641,4.00E-04
1103.285099,4.02E-04
1103.605993,4.03E-04
1103.926781,4.05E-04
1104.247464,4.07E-04
1104.568041,4.08E-04
1104.888513,4.10E-04
1105.20888,4.11E-04
1105.529141,4.13E-04
1105.849297,4.14E-04
1106.169348,4.16E-04
1106.489293,4.18E-04
1106.809133,4.19E-04
1107.128867,4.21E-04
1107.448496,4.22E-04
1107.768019,4.24E-04
1108.087437,4.25E-04
1108.40675,4.27E-04
1108.725957,4.28E-04
1109.045059,4.30E-04
1109.364056,4.32E-04
1109.682947,4.33E-04
1110.001733,4.35E-04
1110.320413,4.36E-04
1110.638988,4.38E-04
1110.957457,4.39E-04
1111.275821,4.41E-04
1111.59408,4.42E-04
1111.912233,4.44E-04
1112.230281,4.46E-04
1112.548224,4.47E-04
1112.866061,4.49E-04
1113.183793,4.50E-04
1113.501419,4.52E-04
1113.81894,4.53E-04
1114.136355,4.55E-04
1114.453665,4.57E-04
1114.77087,4.58E-04
1115.087969,4.60E-04
1115.404963,4.61E-04
1115.721852,4.63E-04
1116.038635,4.64E-04
1116.355313,4.66E-04
1116.671885,4.67E-04
1116.988352,4.69E-04
1117.304713,4.71E-04
1117.620969,4.72E-04
1117.93712,4.74E-04
1118.253165,4.75E-04
1118.569105,4.77E-04
1118.88494,4.78E-04
1119.200669,4.80E-04
1119.516293,4.81E-04
1119.831811,4.83E-04
1120.147224,4.85E-04
1120.462531,4.86E-04
1120.777733,4.88E-04
1121.09283,4.89E-04
1121.407821,4.91E-04
1121.722707,4.92E-04
1122.037488,4.94E-04
1122.352163,4.96E-04
1122.666733,4.97E-04
1122.981197,4.99E-04
1123.295556,5.00E-04
1123.609809,5.02E-04
1123.923957,5.03E-04
1124.238,5.05E-04
1124.551937,5.06E-04
1124.865769,5.08E-04
1125.179496,5.10E-04
1125.493117,5.11E-04
1125.806633,5.13E-04
1126.120043,5.14E-04
1126.433348,5.16E-04
1126.746547,5.17E-04
1127.059641,5.19E-04
1127.37263,5.20E-04
1127.685513,5.22E-04
1127.998291,5.24E-04
1128.310964,5.25E-04
1128.623531,5.27E-04
1128.935993,5.28E-04
1129.248349,5.30E-04
1129.5606,5.31E-04
1129.872745,5.33E-04
1130.184785,5.35E-04
1130.49672,5.36E-04
1130.808549,5.38E-04
1131.120273,5.39E-04
1131.431892,5.41E-04
1131.743405,5.42E-04
1132.054813,5.44E-04
1132.366115,5.45E-04
1132.677312,5.47E-04
1132.988403,5.49E-04
1133.299389,5.50E-04
1133.61027,5.52E-04
1133.921045,5.53E-04
1134.231715,5.55E-04
1134.54228,5.56E-04
1134.852739,5.58E-04
1135.163093,5.59E-04
1135.473341,5.61E-04
1135.783484,5.63E-04
1136.093521,5.64E-04
1136.403453,5.66E-04
1136.71328,5.67E-04
1137.023001,5.69E-04
1137.332617,5.70E-04
1137.642128,5.72E-04
1137.951533,5.74E-04
1138.260833,5.75E-04
1138.570027,5.77E-04
1138.879116,5.78E-04
1139.188099,5.80E-04
1139.496977,5.81E-04
1139.80575,5.83E-04
1140.114417,5.84E-04
1140.422979,5.86E-04
1140.731436,5.88E-04
1141.039787,5.89E-04
1141.348033,5.91E-04
1141.656173,5.92E-04
1141.964208,5.94E-04
1142.272137,5.95E-04
1142.579961,5.97E-04
1142.88768,5.98E-04
1143.195293,6.00E-04
1143.502801,6.02E-04
1143.810204,6.03E-04
1144.117501,6.05E-04
1144.424693,6.06E-04
1144.731779,6.08E-04
1145.03876,6.09E-04
1145.345635,6.11E-04
1145.652405,6.13E-04
1145.95907,6.14E-04
1146.265629,6.16E-04
1146.572083,6.17E-04
1146.878432,6.19E-04
1147.184675,6.20E-04
1147.490813,6.22E-04
1147.796845,6.23E-04
1148.102772,6.25E-04
1148.408593,6.27E-04
1148.714309,6.28E-04
1149.01992,6.30E-04
1149.325425,6.31E-04
1149.630825,6.33E-04
1149.93612,6.34E-04
1150.241309,6.36E-04
1150.546393,6.37E-04
1150.851371,6.39E-04
1151.156244,6.41E-04
1151.461011,6.42E-04
1151.765673,6.44E-04
1152.07023,6.45E-04
1152.374681,6.47E-04
1152.679027,6.48E-04
1152.983268,6.50E-04
1153.287403,6.52E-04
1153.591433,6.53E-04
1153.895357,6.55E-04
1154.199176,6.56E-04
1154.502889,6.58E-04
1154.806497,6.59E-04
1155.11,6.61E-04
1155.413397,6.62E-04
1155.716689,6.64E-04
1156.019876,6.66E-04
1156.322957,6.67E-04
1156.625933,6.69E-04
1156.928803,6.70E-04
1157.231568,6.72E-04
1157.534227,6.73E-04
1157.836781,6.75E-04
1158.13923,6.76E-04
1158.441573,6.78E-04
1158.743811,6.80E-04
1159.045944,6.81E-04
1159.347971,6.83E-04
1159.649893,6.84E-04
1159.951709,6.86E-04
1160.25342,6.87E-04
1160.555025,6.89E-04
1160.856525,6.91E-04
1161.15792,6.92E-04
1161.459209,6.94E-04
1161.760393,6.95E-04
1162.061472,6.97E-04
1162.362445,6.98E-04
1162.663313,7.00E-04
1162.964075,7.01E-04
1163.264732,7.03E-04
1163.565283,7.05E-04
1163.865729,7.06E-04
1164.16607,7.08E-04
1164.466305,7.09E-04
1164.766435,7.11E-04
1165.06646,7.12E-04
1165.366379,7.14E-04
1165.666193,7.15E-04
1165.965901,7.17E-04
1166.265504,7.19E-04
1166.565001,7.20E-04
1166.864393,7.22E-04
1167.16368,7.23E-04
1167.462861,7.25E-04
1167.761937,7.26E-04
1168.060908,7.28E-04
1168.359773,7.28E-04
1168.658533,7.28E-04
1168.957187,7.28E-04
1169.255736,7.28E-04
1169.554179,7.28E-04
1169.852517,7.28E-04
1170.15075,7.28E-04
