Wavelength (nm),Counts
337.41,938.0
337.9241973,890.0
338.43828920000004,950.0
338.95227570000003,908.0
339.4661568,883.0
339.9799325,899.0
340.4936028,903.0
341.0071677,900.0
341.52062720000004,911.0
342.03398130000005,841.0
342.54723,875.0
343.06037330000004,870.0
343.5734112,850.0
344.08634370000004,9.560546875
344.5991708,29.560546875
345.1118925,33.560546875
345.6245088,22.560546875
346.1370197,16.560546875
346.6494252,27.560546875
347.1617253,9.560546875
347.67392,36.560546875
348.1860093,38.560546875
348.69799320000004,59.560546875
349.2098717,73.560546875
349.72164480000004,45.560546875
350.2333125,72.560546875
350.74487480000005,15.560546875
351.25633170000003,39.560546875
351.7676832,29.560546875
352.2789293,51.560546875
352.79007,59.560546875
353.3011053,33.560546875
353.8120352,30.560546875
354.32285970000004,15.560546875
354.83357880000005,33.560546875
355.3441925,54.560546875
355.85470080000005,61.560546875
356.3651037,99.560546875
356.8754012,93.560546875
357.38559330000004,118.560546875
357.89568,127.560546875
358.4056613,89.560546875
358.9155372,77.560546875
359.4253077,85.560546875
359.9349728,54.560546875
360.44453250000004,53.560546875
360.95398680000005,4.560546875
361.4633357,46.560546875
361.97257920000004,41.560546875
362.4817173,29.560546875
362.99075000000005,49.560546875
363.49967730000003,-2.439453125
364.0084992,30.560546875
364.5172157,17.560546875
365.0258268,52.560546875
365.5343325,57.560546875
366.0427328,19.560546875
366.5510277,44.560546875
367.05921720000003,12.560546875
367.56730130000005,20.560546875
368.07528,61.560546875
368.58315330000005,19.560546875
369.0909212,35.560546875
369.5985837,59.560546875
370.10614080000005,65.560546875
370.61359250000004,42.560546875
371.12093880000003,29.560546875
371.62817970000003,64.560546875
372.13531520000004,59.560546875
372.64234530000004,27.560546875
373.14927,14.560546875
373.6560893,49.560546875
374.16280320000004,75.560546875
374.6694117,49.560546875
375.17591480000004,89.560546875
375.6823125,97.560546875
376.1886048,85.560546875
376.6947917,65.560546875
377.20087320000005,49.560546875
377.70684930000004,17.560546875
378.21272000000005,29.560546875
378.7184853,21.560546875
379.2241452,3.560546875
379.7296997,11.560546875
380.23514880000005,47.560546875
380.7404925,54.560546875
381.24573080000005,43.560546875
381.7508637,29.560546875
382.2558912,-9.439453125
382.7608133,27.560546875
383.26563000000004,11.560546875
383.77034130000004,33.560546875
384.27494720000004,-10.439453125
384.7794477,30.560546875
385.2838428,51.560546875
385.7881325,-0.439453125
386.29231680000004,-36.439453125
386.7963957,1.560546875
387.30036920000003,17.560546875
387.8042373,-6.439453125
388.308,52.560546875
388.81165730000004,51.560546875
389.3152092,29.560546875
389.8186557,27.560546875
390.3219968,37.560546875
390.8252325,42.560546875
391.32836280000004,70.560546875
391.83138770000005,91.560546875
392.3343072,75.560546875
392.83712130000004,52.560546875
393.33983,61.560546875
393.84243330000004,80.560546875
394.3449312,48.560546875
394.8473237,102.560546875
395.34961080000005,32.560546875
395.85179250000004,61.560546875
396.35386880000004,75.560546875
396.85583970000005,34.560546875
397.35770520000005,57.560546875
397.8594653,96.560546875
398.36112,70.560546875
398.8626693,59.560546875
399.3641132,78.560546875
399.8654517,107.560546875
400.36668480000003,86.560546875
400.8678125,76.560546875
401.36883480000006,60.560546875
401.86975170000005,68.560546875
402.3705632,41.560546875
402.8712693,53.560546875
403.37187,27.560546875
403.8723653,9.560546875
404.37275520000003,-25.439453125
404.87303970000005,12.560546875
405.3732188,-16.439453125
405.87329250000005,17.560546875
406.3732608,1.560546875
406.8731237,5.560546875
407.37288120000005,27.560546875
407.87253330000004,9.560546875
408.37208000000004,34.560546875
408.87152130000004,39.560546875
409.37085720000005,66.560546875
409.8700877,70.560546875
410.3692128,51.560546875
410.86823250000003,22.560546875
411.3671468,29.560546875
411.86595570000003,21.560546875
412.3646592,22.560546875
412.86325730000004,43.560546875
413.36175000000003,29.560546875
413.8601373,9.560546875
414.3584192,34.560546875
414.8565957,47.560546875
415.3546668,70.560546875
415.8526325,36.560546875
416.35049280000004,29.560546875
416.8482477,13.560546875
417.3458972,33.560546875
417.8434413,15.560546875
418.34088,15.560546875
418.8382133,-23.439453125
419.3354412,20.560546875
419.83256370000004,30.560546875
420.32958080000003,27.560546875
420.82649250000003,16.560546875
421.32329880000003,27.560546875
421.81999970000004,53.560546875
422.31659520000005,40.560546875
422.8130853,77.560546875
423.30947000000003,59.560546875
423.8057493,33.560546875
424.30192320000003,67.560546875
424.7979917,9.560546875
425.29395480000005,22.560546875
425.78981250000004,32.560546875
426.28556480000003,33.560546875
426.78121170000003,52.560546875
427.27675320000003,33.560546875
427.77218930000004,5.560546875
428.26752,47.560546875
428.7627453,85.560546875
429.2578652,71.560546875
429.7528797,9.560546875
430.2477888,19.560546875
430.7425925,38.560546875
431.23729080000004,61.560546875
431.7318837,112.560546875
432.2263712,61.560546875
432.7207533,28.560546875
433.21503,97.560546875
433.7092013,60.560546875
434.2032672,86.560546875
434.6972277,102.560546875
435.1910828,38.560546875
435.6848325,38.560546875
436.1784768,52.560546875
436.67201570000003,33.560546875
437.1654492,33.560546875
437.6587773,35.560546875
438.15200000000004,27.560546875
438.64511730000004,-14.439453125
439.13812920000004,28.560546875
439.6310357,36.560546875
440.12383680000005,29.560546875
440.6165325,65.560546875
441.1091228,99.560546875
441.60160770000005,6.560546875
442.0939872,38.560546875
442.58626130000005,29.560546875
443.07843,27.560546875
443.5704933,39.560546875
444.06245120000005,53.560546875
444.5543037,45.560546875
445.0460508,19.560546875
445.53769250000005,39.560546875
446.02922880000006,41.560546875
446.5206597,49.560546875
447.0119852,54.560546875
447.5032053,43.560546875
447.99432,46.560546875
448.4853293,115.560546875
448.9762332,45.560546875
449.4670317,-9.439453125
449.95772480000005,27.560546875
450.44831250000004,32.560546875
450.93879480000004,43.560546875
451.4291717,44.560546875
451.91944320000005,37.560546875
452.40960930000006,41.560546875
452.89967,17.560546875
453.38962530000003,51.560546875
453.8794752,27.560546875
454.36921970000003,3.560546875
454.8588588,41.560546875
455.34839250000005,6.560546875
455.83782080000003,8.560546875
456.3271437,49.560546875
456.8163612,17.560546875
457.3054733,-12.439453125
457.79448,-41.439453125
458.28338130000003,-9.439453125
458.7721772,-14.439453125
459.2608677,-9.439453125
459.74945280000003,8.560546875
460.2379325,38.560546875
460.72630680000003,54.560546875
461.2145757,41.560546875
461.7027392,37.560546875
462.1907973,20.560546875
462.67875000000004,22.560546875
463.16659730000003,27.560546875
463.65433920000004,43.560546875
464.1419757,29.560546875
464.6295068,63.560546875
465.1169325,51.560546875
465.60425280000004,27.560546875
466.09146770000007,73.560546875
466.57857720000004,54.560546875
467.0655813,19.560546875
467.55248,41.560546875
468.0392733,47.560546875
468.5259612,65.560546875
469.01254370000004,61.560546875
469.49902080000004,97.560546875
469.9853925,78.560546875
470.4716588,67.560546875
470.9578197,46.560546875
471.4438752,16.560546875
471.9298253,59.560546875
472.41567000000003,37.560546875
472.9014093,45.560546875
473.3870432,65.560546875
473.87257170000004,27.560546875
474.35799480000003,65.560546875
474.8433125,10.560546875
475.3285248,-12.439453125
475.81363170000003,6.560546875
476.29863320000004,35.560546875
476.78352930000005,91.560546875
477.26832,57.560546875
477.75300530000004,43.560546875
478.2375852,52.560546875
478.72205970000005,43.560546875
479.2064288,77.560546875
479.6906925,76.560546875
480.17485080000006,44.560546875
480.6589037,38.560546875
481.1428512,46.560546875
481.6266933,63.560546875
482.11043,57.560546875
482.5940613,51.560546875
483.07758720000004,21.560546875
483.5610077,27.560546875
484.04432280000003,50.560546875
484.5275325,27.560546875
485.01063680000004,-1.439453125
485.4936357,33.560546875
485.9765292,43.560546875
486.45931730000007,30.560546875
486.942,70.560546875
487.4245773,61.560546875
487.9070492,67.560546875
488.38941570000003,51.560546875
488.87167680000005,37.560546875
489.3538325,54.560546875
489.83588280000004,21.560546875
490.31782770000007,-12.439453125
490.79966720000004,20.560546875
491.28140129999997,61.560546875
491.76303,3.560546875
492.2445533,-9.439453125
492.7259712,-0.439453125
493.20728370000006,-4.439453125
493.68849080000007,-10.439453125
494.1695925,-28.439453125
494.65058880000004,34.560546875
495.1314797,17.560546875
495.6122652,33.560546875
496.0929453,70.560546875
496.57352000000003,65.560546875
497.0539893,35.560546875
497.5343532,38.560546875
498.01461170000005,28.560546875
498.4947648,45.560546875
498.9748125,33.560546875
499.45475480000005,22.560546875
499.93459170000006,12.560546875
500.4143232,32.560546875
500.89394930000003,69.560546875
501.37347,49.560546875
501.8528853,52.560546875
502.3321952,75.560546875
502.81139970000004,75.560546875
503.2904988,77.560546875
503.76949250000007,61.560546875
504.2483808,50.560546875
504.7271637,79.560546875
505.2058412,46.560546875
505.6844133,6.560546875
506.16288000000003,27.560546875
506.64124130000005,57.560546875
507.11949720000007,92.560546875
507.59764770000004,66.560546875
508.0756928,22.560546875
508.55363250000005,38.560546875
509.03146680000003,80.560546875
509.5091957,94.560546875
509.9868192,35.560546875
510.4643373,20.560546875
510.94175,21.560546875
511.4190573,47.560546875
511.89625920000003,33.560546875
512.3733557,22.560546875
512.8503468,34.560546875
513.3272325,37.560546875
513.8040128,14.560546875
514.2806877,27.560546875
514.7572572,27.560546875
515.2337213000001,12.560546875
515.7100800000001,6.560546875
516.1863333,3.560546875
516.6624812,19.560546875
517.1385237000001,36.560546875
517.6144608,45.560546875
518.0902925,17.560546875
518.5660188,35.560546875
519.0416397,49.560546875
519.5171552,36.560546875
519.9925653,22.560546875
520.4678700000001,28.560546875
520.9430693,38.560546875
521.4181632,41.560546875
521.8931517,9.560546875
522.3680348,20.560546875
522.8428125,46.560546875
523.3174848,-10.439453125
523.7920517,52.560546875
524.2665132,40.560546875
524.7408693,19.560546875
525.2151200000001,85.560546875
525.6892653,59.560546875
526.1633052,82.560546875
526.6372397,45.560546875
527.1110688,37.560546875
527.5847925,28.560546875
528.0584108,22.560546875
528.5319237,79.560546875
529.0053312,34.560546875
529.4786333,19.560546875
529.95183,11.560546875
530.4249213,2.560546875
530.8979072,21.560546875
531.3707877,-15.439453125
531.8435628,59.560546875
532.3162325000001,70.560546875
532.7887968,101.560546875
533.2612557,46.560546875
533.7336092,35.560546875
534.2058573,39.560546875
534.678,42.560546875
535.1500373,15.560546875
535.6219692,45.560546875
536.0937957,48.560546875
536.5655168000001,38.560546875
537.0371325,41.560546875
537.5086428,52.560546875
537.9800477,20.560546875
538.4513472,37.560546875
538.9225413,63.560546875
539.39363,4.560546875
539.8646133,51.560546875
540.3354912,66.560546875
540.8062637,20.560546875
541.2769308,13.560546875
541.7474925,17.560546875
542.2179488,-9.439453125
542.6882997,19.560546875
543.1585452,22.560546875
543.6286853,46.560546875
544.09872,-0.439453125
544.5686493000001,51.560546875
545.0384732,61.560546875
545.5081917,29.560546875
545.9778048000001,9.560546875
546.4473125000001,32.560546875
546.9167148,14.560546875
547.3860117,29.560546875
547.8552032,5.560546875
548.3242893,4.560546875
548.79327,-6.439453125
549.2621453,33.560546875
549.7309152,43.560546875
550.1995797,45.560546875
550.6681388,11.560546875
551.1365925,19.560546875
551.6049408,58.560546875
552.0731837000001,0.560546875
552.5413212000001,80.560546875
553.0093533,70.560546875
553.4772800000001,27.560546875
553.9451013,59.560546875
554.4128172000001,53.560546875
554.8804277,19.560546875
555.3479328000001,9.560546875
555.8153325000001,-9.439453125
556.2826268,1.560546875
556.7498157,41.560546875
557.2168992,38.560546875
557.6838773,63.560546875
558.15075,59.560546875
558.6175173,102.560546875
559.0841792,77.560546875
559.5507357,59.560546875
560.0171868,75.560546875
560.4835325,70.560546875
560.9497728,59.560546875
561.4159077,33.560546875
561.8819372,46.560546875
562.3478613,14.560546875
562.81368,48.560546875
563.2793933,9.560546875
563.7450012,0.560546875
564.2105037,21.560546875
564.6759008,45.560546875
565.1411925,19.560546875
565.6063788,77.560546875
566.0714597,30.560546875
566.5364352,1.560546875
567.0013053,63.560546875
567.46607,59.560546875
567.9307293,40.560546875
568.3952832,35.560546875
568.8597317,61.560546875
569.3240748000001,64.560546875
569.7883125000001,75.560546875
570.2524448,65.560546875
570.7164717,68.560546875
571.1803932,19.560546875
571.6442093,21.560546875
572.10792,18.560546875
572.5715253000001,38.560546875
573.0350252000001,34.560546875
573.4984197,-9.439453125
573.9617088,13.560546875
574.4248925,4.560546875
574.8879708000001,-3.439453125
575.3509437,-0.439453125
575.8138112,16.560546875
576.2765733,-14.439453125
576.73923,-12.439453125
577.2017813,-21.439453125
577.6642272,13.560546875
578.1265677,-30.439453125
578.5888028,-4.439453125
579.0509325,15.560546875
579.5129568,29.560546875
579.9748757,27.560546875
580.4366892,-17.439453125
580.8983973,29.560546875
581.36,75.560546875
581.8214973,83.560546875
582.2828892,50.560546875
582.7441757,79.560546875
583.2053568,50.560546875
583.6664325,54.560546875
584.1274028,2.560546875
584.5882677,1.560546875
585.0490272,-30.439453125
585.5096813,9.560546875
585.97023,-2.439453125
586.4306733000001,16.560546875
586.8910112,11.560546875
587.3512437,16.560546875
587.8113708000001,-9.439453125
588.2713925,-2.439453125
588.7313088000001,30.560546875
589.1911197000001,43.560546875
589.6508252000001,31.560546875
590.1104253,19.560546875
590.56992,12.560546875
591.0293093,3.560546875
591.4885932,-20.439453125
591.9477717,-20.439453125
592.4068448,-44.439453125
592.8658125,-30.439453125
593.3246748,-20.439453125
593.7834316999999,17.560546875
594.2420832,-4.439453125
594.7006293,6.560546875
595.15907,11.560546875
595.6174053,30.560546875
596.0756352000001,25.560546875
596.5337597,13.560546875
596.9917788,38.560546875
597.4496925000001,11.560546875
597.9075008,42.560546875
598.3652036999999,40.560546875
598.8228012,3.560546875
599.2802933,43.560546875
599.73768,43.560546875
600.1949613,20.560546875
600.6521372,44.560546875
601.1092077000001,36.560546875
601.5661728,43.560546875
602.0230325,69.560546875
602.4797868,78.560546875
602.9364357,45.560546875
603.3929792,98.560546875
603.8494172999999,37.560546875
604.30575,79.560546875
604.7619773,77.560546875
605.2180992000001,70.560546875
605.6741157,77.560546875
606.1300268,68.560546875
606.5858325,68.560546875
607.0415328,45.560546875
607.4971277,52.560546875
607.9526172000001,91.560546875
608.4080013,20.560546875
608.86328,54.560546875
609.3184533,29.560546875
609.7735212,38.560546875
610.2284837,16.560546875
610.6833408,-22.439453125
611.1380925000001,29.560546875
611.5927388,51.560546875
612.0472797,74.560546875
612.5017152,51.560546875
612.9560453,12.560546875
613.4102700000001,9.560546875
613.8643893000001,14.560546875
614.3184032,25.560546875
614.7723117,53.560546875
615.2261148,8.560546875
615.6798125,25.560546875
616.1334048,33.560546875
616.5868917,47.560546875
617.0402732,68.560546875
617.4935493,46.560546875
617.94672,27.560546875
618.3997853000001,48.560546875
618.8527452000001,68.560546875
619.3055997,73.560546875
619.7583488,39.560546875
620.2109925,66.560546875
620.6635308,16.560546875
621.1159637000001,5.560546875
621.5682912,68.560546875
622.0205133,59.560546875
622.47263,17.560546875
622.9246413000001,54.560546875
623.3765472,86.560546875
623.8283477,91.560546875
624.2800428,67.560546875
624.7316324999999,11.560546875
625.1831168,9.560546875
625.6344957,27.560546875
626.0857692,6.560546875
626.5369373000001,19.560546875
626.988,12.560546875
627.4389573000001,21.560546875
627.8898092,8.560546875
628.3405557,43.560546875
628.7911968000001,43.560546875
629.2417325,46.560546875
629.6921628,5.560546875
630.1424877,52.560546875
630.5927072,44.560546875
631.0428213,53.560546875
631.49283,45.560546875
631.9427333000001,30.560546875
632.3925312,43.560546875
632.8422237,61.560546875
633.2918108000001,12.560546875
633.7412925000001,38.560546875
634.1906687999999,15.560546875
634.6399397,21.560546875
635.0891052,54.560546875
635.5381653,81.560546875
635.98712,54.560546875
636.4359693,44.560546875
636.8847132000001,52.560546875
637.3333517000001,36.560546875
637.7818848,61.560546875
638.2303125000001,81.560546875
638.6786348,51.560546875
639.1268517000001,75.560546875
639.5749632,52.560546875
640.0229693000001,41.560546875
640.47087,4.560546875
640.9186652999999,33.560546875
641.3663552,41.560546875
641.8139397,44.560546875
642.2614188,21.560546875
642.7087925000001,65.560546875
643.1560608,49.560546875
643.6032237,21.560546875
644.0502812,54.560546875
644.4972333000001,-23.439453125
644.94408,48.560546875
645.3908213,46.560546875
645.8374572,64.560546875
646.2839877000001,27.560546875
646.7304128000001,36.560546875
647.1767325000001,51.560546875
647.6229468,41.560546875
648.0690557,52.560546875
648.5150592,59.560546875
648.9609573,-22.439453125
649.40675,19.560546875
649.8524373,48.560546875
650.2980192,-10.439453125
650.7434957,16.560546875
651.1888668,1.560546875
651.6341325000001,27.560546875
652.0792928000001,11.560546875
652.5243477,8.560546875
652.9692972,12.560546875
653.4141413,25.560546875
653.85888,46.560546875
654.3035133000001,16.560546875
654.7480412,17.560546875
655.1924637,6.560546875
655.6367808,-18.439453125
656.0809925000001,36.560546875
656.5250988,17.560546875
656.9690997,30.560546875
657.4129952000001,-0.439453125
657.8567853,3.560546875
658.30047,6.560546875
658.7440493,33.560546875
659.1875232,9.560546875
659.6308917,29.560546875
660.0741548,5.560546875
660.5173125,38.560546875
660.9603648,22.560546875
661.4033117,44.560546875
661.8461532,41.560546875
662.2888892999999,33.560546875
662.73152,44.560546875
663.1740453,73.560546875
663.6164652,73.560546875
664.0587797000001,97.560546875
664.5009888,68.560546875
664.9430924999999,37.560546875
665.3850908,27.560546875
665.8269837,16.560546875
666.2687712,29.560546875
666.7104532999999,19.560546875
667.15203,54.560546875
667.5935013000001,-14.439453125
668.0348672,30.560546875
668.4761277,3.560546875
668.9172828000001,20.560546875
669.3583325,57.560546875
669.7992768,75.560546875
670.2401157,52.560546875
670.6808492,36.560546875
671.1214772999999,-2.439453125
671.562,3.560546875
672.0024172999999,14.560546875
672.4427292,-19.439453125
672.8829357,-20.439453125
673.3230368,37.560546875
673.7630325,37.560546875
674.2029228,13.560546875
674.6427077000001,3.560546875
675.0823872000001,44.560546875
675.5219613,11.560546875
675.9614300000001,29.560546875
676.4007933,35.560546875
676.8400512000001,-12.439453125
677.2792036999999,6.560546875
677.7182508000001,22.560546875
678.1571925000001,-10.439453125
678.5960288,29.560546875
679.0347597,65.560546875
679.4733851999999,33.560546875
679.9119053,69.560546875
680.35032,22.560546875
680.7886293,69.560546875
681.2268332000001,84.560546875
681.6649317,63.560546875
682.1029248,37.560546875
682.5408125,47.560546875
682.9785948000001,59.560546875
683.4162716999999,63.560546875
683.8538432,59.560546875
684.2913093,78.560546875
684.72867,52.560546875
685.1659253,19.560546875
685.6030751999999,38.560546875
686.0401197,17.560546875
686.4770588,99.560546875
686.9138925,32.560546875
687.3506208,33.560546875
687.7872437000001,13.560546875
688.2237612,9.560546875
688.6601733,29.560546875
689.09648,8.560546875
689.5326812999999,-4.439453125
689.9687772,11.560546875
690.4047677,-0.439453125
690.8406528,-9.439453125
691.2764325,11.560546875
691.7121068,20.560546875
692.1476757,41.560546875
692.5831392,39.560546875
693.0184973,27.560546875
693.45375,-2.439453125
693.8888973,39.560546875
694.3239392,-2.439453125
694.7588757000001,-18.439453125
695.1937068,29.560546875
695.6284324999999,-3.439453125
696.0630527999999,5.560546875
696.4975677,29.560546875
696.9319772,38.560546875
697.3662813000001,61.560546875
697.80048,46.560546875
698.2345733,4.560546875
698.6685612,42.560546875
699.1024437000001,42.560546875
699.5362208,22.560546875
699.9698925,21.560546875
700.4034588,11.560546875
700.8369197,49.560546875
701.2702752,35.560546875
701.7035252999999,19.560546875
702.13667,16.560546875
702.5697093,8.560546875
703.0026432,1.560546875
703.4354717,5.560546875
703.8681948000001,-25.439453125
704.3008125,3.560546875
704.7333248,51.560546875
705.1657317,21.560546875
705.5980332,12.560546875
706.0302293,30.560546875
706.4623200000001,30.560546875
706.8943053,22.560546875
707.3261852,92.560546875
707.7579596999999,11.560546875
708.1896288,38.560546875
708.6211925,-22.439453125
709.0526508,4.560546875
709.4840037,27.560546875
709.9152512000001,22.560546875
710.3463933,44.560546875
710.7774300000001,68.560546875
711.2083613,80.560546875
711.6391872,86.560546875
712.0699077,54.560546875
712.5005228,59.560546875
712.9310325,33.560546875
713.3614368,28.560546875
713.7917357,43.560546875
714.2219292,79.560546875
714.6520173,22.560546875
715.082,-10.439453125
715.5118772999999,-6.439453125
715.9416492,-19.439453125
716.3713157,-4.439453125
716.8008768,7.560546875
717.2303325,-2.439453125
717.6596828,-51.439453125
718.0889277000001,-1.439453125
718.5180672,-14.439453125
718.9471013,4.560546875
719.3760299999999,15.560546875
719.8048533,30.560546875
720.2335711999999,70.560546875
720.6621837,54.560546875
721.0906908,50.560546875
721.5190924999999,77.560546875
721.9473888,43.560546875
722.3755797,86.560546875
722.8036652000001,59.560546875
723.2316453000001,52.560546875
723.65952,51.560546875
724.0872893000001,51.560546875
724.5149532,64.560546875
724.9425117000001,39.560546875
725.3699647999999,80.560546875
725.7973125,57.560546875
726.2245548000001,66.560546875
726.6516917,73.560546875
727.0787232,73.560546875
727.5056493,61.560546875
727.93247,43.560546875
728.3591853,73.560546875
728.7857951999999,57.560546875
729.2122997,49.560546875
729.6386988,36.560546875
730.0649925,16.560546875
730.4911808,27.560546875
730.9172637,12.560546875
731.3432412,4.560546875
731.7691133000001,20.560546875
732.19488,17.560546875
732.6205413,-0.439453125
733.0460972000001,6.560546875
733.4715477,12.560546875
733.8968927999999,14.560546875
734.3221325,4.560546875
734.7472668,19.560546875
735.1722957,22.560546875
735.5972192,11.560546875
736.0220373,63.560546875
736.4467500000001,35.560546875
736.8713573,27.560546875
737.2958592,29.560546875
737.7202557,49.560546875
738.1445468,60.560546875
738.5687325,44.560546875
738.9928128,68.560546875
739.4167877,74.560546875
739.8406572,4.560546875
740.2644213000001,19.560546875
740.68808,-0.439453125
741.1116333,59.560546875
741.5350812,11.560546875
741.9584237,49.560546875
742.3816608,-2.439453125
742.8047925,11.560546875
743.2278188,54.560546875
743.6507397,54.560546875
744.0735552,101.560546875
744.4962653,22.560546875
744.91887,21.560546875
745.3413693,11.560546875
745.7637632000001,29.560546875
746.1860517,43.560546875
746.6082348,33.560546875
747.0303125,19.560546875
747.4522848,9.560546875
747.8741517000001,-10.439453125
748.2959132000001,-4.439453125
748.7175692999999,48.560546875
749.13912,15.560546875
749.5605653,-18.439453125
749.9819052,21.560546875
750.4031397,22.560546875
750.8242688,9.560546875
751.2452925,52.560546875
751.6662108,36.560546875
752.0870237,22.560546875
752.5077312000001,41.560546875
752.9283333000001,34.560546875
753.34883,33.560546875
753.7692213,1.560546875
754.1895072,48.560546875
754.6096877,35.560546875
755.0297628000001,21.560546875
755.4497325,63.560546875
755.8695968,54.560546875
756.2893557,33.560546875
756.7090092000001,14.560546875
757.1285573,27.560546875
757.548,59.560546875
757.9673373,37.560546875
758.3865691999999,54.560546875
758.8056957,29.560546875
759.2247168,63.560546875
759.6436325,29.560546875
760.0624428000001,49.560546875
760.4811477000001,20.560546875
760.8997472,63.560546875
761.3182413,8.560546875
761.73663,57.560546875
762.1549133000001,36.560546875
762.5730912,-17.439453125
762.9911637,19.560546875
763.4091308,-4.439453125
763.8269925,3.560546875
764.2447488,-10.439453125
764.6623997,12.560546875
765.0799452000001,49.560546875
765.4973853,0.560546875
765.91472,65.560546875
766.3319492999999,96.560546875
766.7490732,61.560546875
767.1660916999999,33.560546875
767.5830048,27.560546875
767.9998125,63.560546875
768.4165148,35.560546875
768.8331117,75.560546875
769.2496032,49.560546875
769.6659893000001,48.560546875
770.0822700000001,36.560546875
770.4984453,-14.439453125
770.9145152000001,-29.439453125
771.3304797000001,-29.439453125
771.7463388000001,-47.439453125
772.1620925,-1.439453125
772.5777408,22.560546875
772.9932837,46.560546875
773.4087212,13.560546875
773.8240533000001,52.560546875
774.23928,43.560546875
774.6544013,17.560546875
775.0694172000001,11.560546875
775.4843277,29.560546875
775.8991328,3.560546875
776.3138325,41.560546875
776.7284268000001,22.560546875
777.1429157,-17.439453125
777.5572992,22.560546875
777.9715773,16.560546875
778.3857499999999,53.560546875
778.7998173,41.560546875
779.2137792,9.560546875
779.6276356999999,3.560546875
780.0413868,27.560546875
780.4550325,-25.439453125
780.8685728,44.560546875
781.2820077,49.560546875
781.6953372,33.560546875
782.1085613,41.560546875
782.5216800000001,78.560546875
782.9346933,11.560546875
783.3476012,17.560546875
783.7604037,-28.439453125
784.1731007999999,-4.439453125
784.5856925,-0.439453125
784.9981788,-28.439453125
785.4105597,-16.439453125
785.8228352,-28.439453125
786.2350053,-23.439453125
786.64707,-12.439453125
787.0590293,-14.439453125
787.4708832,-18.439453125
787.8826317,-16.439453125
788.2942748,0.560546875
788.7058125000001,-0.439453125
789.1172448,16.560546875
789.5285716999999,44.560546875
789.9397931999999,33.560546875
790.3509093,29.560546875
790.7619199999999,27.560546875
791.1728253,16.560546875
791.5836252,-9.439453125
791.9943197,9.560546875
792.4049087999999,47.560546875
792.8153925,26.560546875
793.2257708,13.560546875
793.6360437000001,-33.439453125
794.0462112,17.560546875
794.4562733,27.560546875
794.86623,20.560546875
795.2760813,11.560546875
795.6858272,2.560546875
796.0954677,41.560546875
796.5050028,14.560546875
796.9144325,25.560546875
797.3237568,19.560546875
797.7329757,77.560546875
798.1420892000001,70.560546875
798.5510973,63.560546875
798.96,14.560546875
799.3687973,29.560546875
799.7774892,33.560546875
800.1860757,12.560546875
800.5945568,6.560546875
801.0029325,12.560546875
801.4112028000001,19.560546875
801.8193676999999,-2.439453125
802.2274272000001,22.560546875
802.6353813000001,8.560546875
803.04323,3.560546875
803.4509733,16.560546875
803.8586112,-26.439453125
804.2661437,71.560546875
804.6735708,20.560546875
805.0808925,14.560546875
805.4881088,19.560546875
805.8952197000001,13.560546875
806.3022252000001,57.560546875
806.7091253000001,71.560546875
807.11592,49.560546875
807.5226093000001,5.560546875
807.9291932,48.560546875
808.3356717000001,40.560546875
808.7420448,22.560546875
809.1483125,36.560546875
809.5544748,52.560546875
809.9605317,43.560546875
810.3664832,83.560546875
810.7723292999999,67.560546875
811.17807,49.560546875
811.5837053,3.560546875
811.9892352,15.560546875
812.3946596999999,29.560546875
812.7999788,30.560546875
813.2051925000001,27.560546875
813.6103008,36.560546875
814.0153037,48.560546875
814.4202012,59.560546875
814.8249933,71.560546875
815.2296799999999,54.560546875
815.6342612999999,36.560546875
816.0387372,30.560546875
816.4431077,-2.439453125
816.8473727999999,22.560546875
817.2515325,-34.439453125
817.6555868,-4.439453125
818.0595357,-6.439453125
818.4633792,59.560546875
818.8671173,66.560546875
819.27075,59.560546875
819.6742773000001,47.560546875
820.0776992000001,36.560546875
820.4810157,76.560546875
820.8842268000001,98.560546875
821.2873325,22.560546875
821.6903328000001,19.560546875
822.0932276999999,19.560546875
822.4960172000001,11.560546875
822.8987013,13.560546875
823.30128,46.560546875
823.7037533,36.560546875
824.1061212000001,43.560546875
824.5083837,14.560546875
824.9105408,47.560546875
825.3125924999999,13.560546875
825.7145387999999,25.560546875
826.1163797,27.560546875
826.5181152,19.560546875
826.9197453,3.560546875
827.3212699999999,4.560546875
827.7226893,-6.439453125
828.1240032000001,-22.439453125
828.5252117,-25.439453125
828.9263148,-9.439453125
829.3273125000001,6.560546875
829.7282048,-10.439453125
830.1289917000001,-38.439453125
830.5296731999999,-35.439453125
830.9302493,27.560546875
831.3307199999999,11.560546875
831.7310852999999,33.560546875
832.1313451999999,25.560546875
832.5314997,51.560546875
832.9315488,20.560546875
833.3314925,11.560546875
833.7313308,-2.439453125
834.1310636999999,12.560546875
834.5306912000001,6.560546875
834.9302133,-22.439453125
835.3296300000001,22.560546875
835.7289413000001,45.560546875
836.1281472000001,-26.439453125
836.5272477000001,-22.439453125
836.9262428,-16.439453125
837.3251325,29.560546875
837.7239168,0.560546875
838.1225957,12.560546875
838.5211692,11.560546875
838.9196373,27.560546875
839.318,43.560546875
839.7162573,89.560546875
840.1144092,38.560546875
840.5124557,19.560546875
840.9103968,54.560546875
841.3082325,36.560546875
841.7059628,19.560546875
842.1035877,4.560546875
842.5011072,-6.439453125
842.8985213,5.560546875
843.29583,33.560546875
843.6930333,6.560546875
844.0901312000001,19.560546875
844.4871237,4.560546875
844.8840108,28.560546875
845.2807925,54.560546875
845.6774688,54.560546875
846.0740397,36.560546875
846.4705052,22.560546875
846.8668653,22.560546875
847.2631200000001,22.560546875
847.6592693,68.560546875
848.0553132,11.560546875
848.4512517000001,40.560546875
848.8470848,-11.439453125
849.2428125,21.560546875
849.6384347999999,36.560546875
850.0339517,-14.439453125
850.4293631999999,29.560546875
850.8246693000001,27.560546875
851.2198699999999,-28.439453125
851.6149653,33.560546875
852.0099551999999,20.560546875
852.4048397000001,-3.439453125
852.7996188,-4.439453125
853.1942924999998,27.560546875
853.5888608,41.560546875
853.9833237,59.560546875
854.3776812000001,75.560546875
854.7719333,22.560546875
855.16608,11.560546875
855.5601213,28.560546875
855.9540572000001,49.560546875
856.3478877,22.560546875
856.7416128,49.560546875
857.1352325,45.560546875
857.5287468000001,43.560546875
857.9221557000001,49.560546875
858.3154592000001,29.560546875
858.7086572999999,18.560546875
859.10175,15.560546875
859.4947373,21.560546875
859.8876192,25.560546875
860.2803957000001,42.560546875
860.6730668,27.560546875
861.0656325,19.560546875
861.4580928,17.560546875
861.8504477000001,51.560546875
862.2426972000001,37.560546875
862.6348413000001,54.560546875
863.0268799999999,37.560546875
863.4188133,75.560546875
863.8106412,44.560546875
864.2023637,36.560546875
864.5939808,35.560546875
864.9854925,29.560546875
865.3768987999999,37.560546875
865.7681997,29.560546875
866.1593952000001,48.560546875
866.5504853,64.560546875
866.94147,38.560546875
867.3323493,39.560546875
867.7231232000001,9.560546875
868.1137917000001,28.560546875
868.5043548000001,7.560546875
868.8948125,47.560546875
869.2851648000001,64.560546875
869.6754117,33.560546875
870.0655532000001,20.560546875
870.4555892999999,21.560546875
870.8455200000001,38.560546875
871.2353453000001,34.560546875
871.6250651999999,57.560546875
872.0146797,27.560546875
872.4041887999999,-0.439453125
872.7935925000002,38.560546875
873.1828908,14.560546875
873.5720837000001,9.560546875
873.9611712000001,19.560546875
874.3501533000001,53.560546875
874.73903,34.560546875
875.1278012999999,41.560546875
875.5164672000001,53.560546875
875.9050276999999,22.560546875
876.2934828,76.560546875
876.6818324999999,41.560546875
877.0700768000002,44.560546875
877.4582157,14.560546875
877.8462492000001,-0.439453125
878.2341773,65.560546875
878.6220000000001,47.560546875
879.0097172999999,37.560546875
879.3973292000001,43.560546875
879.7848357,27.560546875
880.1722368000001,21.560546875
880.5595324999999,22.560546875
880.9467227999999,67.560546875
881.3338077000001,-20.439453125
881.7207871999999,-4.439453125
882.1076613,21.560546875
882.49443,-1.439453125
882.8810933,15.560546875
883.2676512,-27.439453125
883.6541037,-0.439453125
884.0404507999999,6.560546875
884.4266925000002,11.560546875
884.8128288,-41.439453125
885.1988597,-20.439453125
885.5847851999999,11.560546875
885.9706053,73.560546875
886.3563200000001,29.560546875
886.7419293,59.560546875
887.1274332,36.560546875
887.5128316999999,27.560546875
887.8981248,29.560546875
888.2833125,20.560546875
888.6683948,38.560546875
889.0533717000001,17.560546875
889.4382432,9.560546875
889.8230093,-15.439453125
890.20767,3.560546875
890.5922253000001,14.560546875
890.9766752,27.560546875
891.3610197,6.560546875
891.7452587999999,-27.439453125
892.1293925,-30.439453125
892.5134208,-2.439453125
892.8973437,37.560546875
893.2811612,11.560546875
893.6648733,9.560546875
894.0484799999999,27.560546875
894.4319813,54.560546875
894.8153772000001,68.560546875
895.1986677,67.560546875
895.5818528,35.560546875
895.9649325,33.560546875
896.3479067999999,65.560546875
896.7307756999999,48.560546875
897.1135392000001,61.560546875
897.4961973,84.560546875
897.8787500000001,19.560546875
898.2611973,1.560546875
898.6435392000001,11.560546875
899.0257756999999,22.560546875
899.4079068000001,40.560546875
899.7899325000001,9.560546875
900.1718528000001,-9.439453125
900.5536677,-27.439453125
900.9353772000002,-11.439453125
901.3169813,-19.439453125
901.69848,40.560546875
902.0798732999999,30.560546875
902.4611611999999,45.560546875
902.8423437000001,41.560546875
903.2234208,37.560546875
903.6043925000001,33.560546875
903.9852587999999,33.560546875
904.3660197000002,-20.439453125
904.7466752,27.560546875
905.1272253,27.560546875
905.50767,9.560546875
905.8880093,-22.439453125
906.2682431999999,30.560546875
906.6483717000001,27.560546875
907.0283948000001,-19.439453125
907.4083125,11.560546875
907.7881248000001,-20.439453125
908.1678317000001,62.560546875
908.5474332000001,27.560546875
908.9269293,29.560546875
909.3063200000001,36.560546875
909.6856052999999,51.560546875
910.0647852,34.560546875
910.4438597000001,29.560546875
910.8228288,-14.439453125
911.2016925,21.560546875
911.5804508000001,-9.439453125
911.9591037,-12.439453125
912.3376512,29.560546875
912.7160933,14.560546875
913.0944299999999,46.560546875
913.4726613,61.560546875
913.8507872,73.560546875
914.2288077000001,13.560546875
914.6067228,57.560546875
914.9845325000001,27.560546875
915.3622367999999,33.560546875
915.7398357,54.560546875
916.1173292000001,49.560546875
916.4947173,63.560546875
916.8720000000001,11.560546875
917.2491772999999,61.560546875
917.6262492000001,76.560546875
918.0032157,12.560546875
918.3800768000001,28.560546875
918.7568325,29.560546875
919.1334828000001,37.560546875
919.5100276999999,65.560546875
919.8864672,52.560546875
920.2628013000001,29.560546875
920.63903,22.560546875
921.0151533000001,28.560546875
921.3911712000001,17.560546875
921.7670837000001,21.560546875
922.1428908,28.560546875
922.5185925000001,-0.439453125
922.8941887999999,-2.439453125
923.2696797000001,-34.439453125
923.6450651999999,-20.439453125
924.0203452999999,-34.439453125
924.39552,-15.439453125
924.7705893,4.560546875
925.1455532,27.560546875
925.5204117000001,17.560546875
925.8951648,5.560546875
926.2698125,36.560546875
926.6443548,-17.439453125
927.0187917000001,12.560546875
927.3931232,48.560546875
927.7673493,60.560546875
928.14147,22.560546875
928.5154852999999,63.560546875
928.8893952000001,85.560546875
929.2631997000001,22.560546875
929.6368987999999,15.560546875
930.0104925,-14.439453125
930.3839808,29.560546875
930.7573637,-12.439453125
931.1306412000001,-1.439453125
931.5038133,12.560546875
931.87688,9.560546875
932.2498413000001,30.560546875
932.6226972000002,27.560546875
932.9954477000001,27.560546875
933.3680927999999,45.560546875
933.7406325,40.560546875
934.1130668000001,-0.439453125
934.4853957,25.560546875
934.8576192,27.560546875
935.2297373000001,35.560546875
935.60175,59.560546875
935.9736573,76.560546875
936.3454592,51.560546875
936.7171557000001,39.560546875
937.0887468000001,45.560546875
937.4602325000001,101.560546875
937.8316127999999,6.560546875
938.2028877,11.560546875
938.5740572,-9.439453125
938.9451213,22.560546875
939.31608,5.560546875
939.6869333,-2.439453125
940.0576811999999,-9.439453125
940.4283237,-25.439453125
940.7988608,20.560546875
941.1692925,47.560546875
941.5396188,19.560546875
941.9098397,-14.439453125
942.2799552000001,2.560546875
942.6499653000001,-11.439453125
943.0198699999999,21.560546875
943.3896692999999,19.560546875
943.7593632,40.560546875
944.1289517,37.560546875
944.4984348,61.560546875
944.8678125000001,33.560546875
945.2370848,52.560546875
945.6062517,67.560546875
945.9753132000001,42.560546875
946.3442693,-3.439453125
946.7131199999999,27.560546875
947.0818653000001,19.560546875
947.4505052,68.560546875
947.8190397000001,49.560546875
948.1874688,11.560546875
948.5557925,30.560546875
948.9240108000001,36.560546875
949.2921237,-20.439453125
949.6601312,22.560546875
950.0280333000001,13.560546875
950.3958299999999,27.560546875
950.7635213000001,3.560546875
951.1311072000001,-12.439453125
951.4985876999999,5.560546875
951.8659628,-9.439453125
952.2332325,27.560546875
952.6003968,2.560546875
952.9674557000001,-19.439453125
953.3344092,-30.439453125
953.7012573,-12.439453125
954.068,-9.439453125
954.4346373000001,41.560546875
954.8011692,3.560546875
955.1675957,21.560546875
955.5339168,-4.439453125
955.9001325000002,33.560546875
956.2662428000001,52.560546875
956.6322477000001,16.560546875
956.9981472,67.560546875
957.3639413000001,38.560546875
957.72963,-2.439453125
958.0952133000001,22.560546875
958.4606911999999,-19.439453125
958.8260636999998,7.560546875
959.1913308000001,41.560546875
959.5564924999999,52.560546875
959.9215488,51.560546875
960.2864996999999,-10.439453125
960.6513452000002,14.560546875
961.0160853,34.560546875
961.3807200000001,107.560546875
961.7452493000001,84.560546875
962.1096732000001,59.560546875
962.4739916999999,2.560546875
962.8382048000001,13.560546875
963.2023125000001,44.560546875
963.5663147999999,54.560546875
963.9302117,44.560546875
964.2940031999999,-26.439453125
964.6576893000001,-9.439453125
965.02127,-9.439453125
965.3847453000001,48.560546875
965.7481152,38.560546875
966.1113797,-12.439453125
966.4745387999999,22.560546875
966.8375925,-12.439453125
967.2005408,6.560546875
967.5633837,30.560546875
967.9261211999999,29.560546875
968.2887533,-4.439453125
968.65128,25.560546875
969.0137012999999,11.560546875
969.3760172,-41.439453125
969.7382276999999,5.560546875
970.1003327999999,-0.439453125
970.4623325,-18.439453125
970.8242268000001,-50.439453125
971.1860157000001,-51.439453125
971.5476992000001,-38.439453125
971.9092773,-31.439453125
972.2707500000001,11.560546875
972.6321172999999,8.560546875
972.9933792000002,22.560546875
973.3545357,6.560546875
973.7155868,2.560546875
974.0765325,-2.439453125
974.4373728,53.560546875
974.7981077,34.560546875
975.1587371999999,29.560546875
975.5192612999999,34.560546875
975.87968,45.560546875
976.2399933000002,51.560546875
976.6002011999999,29.560546875
976.9603036999999,84.560546875
977.3203008,30.560546875
977.6801925,19.560546875
978.0399788,-1.439453125
978.3996597,-9.439453125
978.7592351999999,27.560546875
979.1187052999999,40.560546875
979.4780700000001,29.560546875
979.8373293,17.560546875
980.1964832000001,11.560546875
980.5555317000001,68.560546875
980.9144748000001,9.560546875
981.2733125,-12.439453125
981.6320448000001,22.560546875
981.9906716999999,-41.439453125
982.3491932,72.560546875
982.7076093000001,-36.439453125
983.06592,12.560546875
983.4241253,41.560546875
983.7822251999999,22.560546875
984.1402197,6.560546875
984.4981088,28.560546875
984.8558925,-12.439453125
985.2135708000001,-4.439453125
985.5711437,-4.439453125
985.9286112,46.560546875
986.2859733,13.560546875
986.6432299999999,29.560546875
987.0003813000001,49.560546875
987.3574272000001,0.560546875
987.7143677000001,72.560546875
988.0712028,16.560546875
988.4279325,58.560546875
988.7845568,79.560546875
989.1410756999999,22.560546875
989.4974892,13.560546875
989.8537973,-10.439453125
990.21,-2.439453125
990.5660972999999,11.560546875
990.9220892000001,27.560546875
991.2779757000001,73.560546875
991.6337568000001,63.560546875
991.9894325,45.560546875
992.3450028,33.560546875
992.7004677,19.560546875
993.0558272000001,83.560546875
993.4110813,52.560546875
993.76623,35.560546875
994.1212733,21.560546875
994.4762112000001,22.560546875
994.8310437,43.560546875
995.1857708,78.560546875
995.5403925,86.560546875
995.8949087999999,33.560546875
996.2493197000001,38.560546875
996.6036251999999,44.560546875
996.9578253,97.560546875
997.3119200000001,47.560546875
997.6659093000001,43.560546875
998.0197932000001,30.560546875
998.3735717,-2.439453125
998.7272448000001,12.560546875
999.0808124999999,3.560546875
999.4342747999999,30.560546875
999.7876317,43.560546875
1000.1408832,63.560546875
1000.4940293,74.560546875
1000.84707,69.560546875
1001.2000052999999,2.560546875
1001.5528352000001,-12.439453125
1001.9055596999999,13.560546875
1002.2581788,11.560546875
1002.6106924999999,41.560546875
1002.9631007999999,47.560546875
1003.3154036999999,85.560546875
1003.6676012,100.560546875
1004.0196933,61.560546875
1004.37168,77.560546875
1004.7235613,84.560546875
1005.0753371999999,70.560546875
1005.4270077000001,30.560546875
1005.7785727999999,48.560546875
1006.1300325,47.560546875
1006.4813867999999,11.560546875
1006.8326357000001,45.560546875
1007.1837791999999,21.560546875
1007.5348173,19.560546875
1007.8857499999999,43.560546875
1008.2365772999999,54.560546875
1008.5872992,47.560546875
1008.9379157000001,22.560546875
1009.2884268,45.560546875
1009.6388325,59.560546875
1009.9891328000001,52.560546875
1010.3393277,31.560546875
1010.6894172,19.560546875
1011.0394013,3.560546875
1011.3892800000001,49.560546875
1011.7390533,12.560546875
1012.0887212,-16.439453125
1012.4382837,19.560546875
1012.7877407999999,9.560546875
1013.1370925000001,27.560546875
1013.4863387999999,51.560546875
1013.8354797,17.560546875
1014.1845152000001,49.560546875
1014.5334453,46.560546875
1014.8822700000001,17.560546875
1015.2309893000001,3.560546875
1015.5796032000001,51.560546875
1015.9281117,14.560546875
1016.2765148000001,11.560546875
1016.6248125,11.560546875
1016.9730047999999,39.560546875
1017.3210917000001,20.560546875
1017.6690732,16.560546875
1018.0169492999999,30.560546875
1018.36472,3.560546875
1018.7123853,41.560546875
1019.0599452000001,84.560546875
1019.4073997,83.560546875
1019.7547488,36.560546875
1020.1019925,41.560546875
1020.4491308000001,43.560546875
1020.7961637000001,13.560546875
1021.1430912000001,35.560546875
1021.4899132999999,78.560546875
1021.83663,36.560546875
1022.1832413,54.560546875
1022.5297472,33.560546875
1022.8761477,22.560546875
1023.2224428,38.560546875
1023.5686324999999,0.560546875
1023.9147168,31.560546875
1024.2606957,29.560546875
1024.6065692,27.560546875
1024.9523373,-25.439453125
1025.298,-4.439453125
1025.6435573,44.560546875
1025.9890092,12.560546875
1026.3343557,27.560546875
1026.6795968,9.560546875
1027.0247325,48.560546875
1027.3697628,45.560546875
1027.7146877,35.560546875
1028.0595072,19.560546875
1028.4042213,17.560546875
1028.74883,22.560546875
1029.0933333,41.560546875
1029.4377312000001,21.560546875
1029.7820237,9.560546875
1030.1262108,4.560546875
1030.4702925,36.560546875
1030.8142688,11.560546875
1031.1581397,-12.439453125
1031.5019052,9.560546875
1031.8455653,-4.439453125
1032.18912,-18.439453125
1032.5325693,33.560546875
1032.8759132,35.560546875
1033.2191517,29.560546875
1033.5622848,-4.439453125
1033.9053125,22.560546875
1034.2482348,6.560546875
1034.5910517,53.560546875
1034.9337632,5.560546875
1035.2763693,-24.439453125
1035.61887,-0.439453125
1035.9612653000002,31.560546875
1036.3035552000001,-3.439453125
1036.6457397,-33.439453125
1036.9878188,-9.439453125
1037.3297925,-9.439453125
1037.6716608,29.560546875
1038.0134237,12.560546875
1038.3550812,6.560546875
1038.6966333,59.560546875
1039.03808,33.560546875
1039.3794213,16.560546875
1039.7206572,43.560546875
1040.0617877,28.560546875
1040.4028128,27.560546875
1040.7437325,38.560546875
1041.0845468,14.560546875
1041.4252557,16.560546875
1041.7658592,27.560546875
1042.1063573000001,27.560546875
1042.44675,11.560546875
1042.7870373,29.560546875
1043.1272192,33.560546875
1043.4672957,22.560546875
1043.8072668,27.560546875
1044.1471325,38.560546875
1044.4868928,27.560546875
1044.8265477,44.560546875
1045.1660972,30.560546875
1045.5055413,36.560546875
1045.84488,21.560546875
1046.1841133,33.560546875
1046.5232412,41.560546875
1046.8622636999999,49.560546875
1047.2011808,54.560546875
1047.5399925,48.560546875
1047.8786988,50.560546875
1048.2172997,37.560546875
1048.5557952000001,35.560546875
1048.8941853,52.560546875
1049.2324700000001,27.560546875
1049.5706493,2.560546875
1049.9087232000002,-10.439453125
1050.2466917,26.560546875
1050.5845548,-0.439453125
1050.9223125,38.560546875
1051.2599648,21.560546875
1051.5975117,3.560546875
1051.9349531999999,-14.439453125
1052.2722893,-27.439453125
1052.60952,12.560546875
1052.9466453,15.560546875
1053.2836652,43.560546875
1053.6205797,3.560546875
1053.9573888,21.560546875
1054.2940925,-10.439453125
1054.6306908,-33.439453125
1054.9671837,9.560546875
1055.3035712,7.560546875
1055.6398533,5.560546875
1055.97603,36.560546875
1056.3121013,38.560546875
1056.6480672,41.560546875
1056.9839276999999,32.560546875
1057.3196828,19.560546875
1057.6553325,36.560546875
1057.9908768,29.560546875
1058.3263157,3.560546875
1058.6616492,4.560546875
1058.9968773,48.560546875
1059.332,33.560546875
1059.6670173,32.560546875
1060.0019292000002,57.560546875
1060.3367357,65.560546875
1060.6714368,54.560546875
1061.0060325,54.560546875
1061.3405228,52.560546875
1061.6749077,27.560546875
1062.0091872,43.560546875
1062.3433613,36.560546875
1062.67743,29.560546875
1063.0113933,6.560546875
1063.3452512,-21.439453125
1063.6790037,-25.439453125
1064.0126508,68.560546875
1064.3461925000001,45.560546875
1064.6796288,14.560546875
1065.0129597,9.560546875
1065.3461852,-0.439453125
1065.6793053,34.560546875
1066.01232,22.560546875
1066.3452293,17.560546875
1066.6780332,20.560546875
1067.0107317,67.560546875
1067.3433248000001,75.560546875
1067.6758125,49.560546875
1068.0081948,77.560546875
1068.3404717,69.560546875
1068.6726432,86.560546875
1069.0047093,49.560546875
1069.33667,67.560546875
1069.6685253,41.560546875
1070.0002752,11.560546875
1070.3319197,57.560546875
1070.6634588,9.560546875
1070.9948925,25.560546875
1071.3262207999999,29.560546875
1071.6574437,29.560546875
1071.9885612,46.560546875
1072.3195733,81.560546875
1072.65048,63.560546875
1072.9812813,47.560546875
1073.3119772,73.560546875
1073.6425677,89.560546875
1073.9730528,25.560546875
1074.3034324999999,32.560546875
1074.6337068,51.560546875
1074.9638757,61.560546875
1075.2939392,14.560546875
1075.6238973,15.560546875
1075.9537500000001,30.560546875
1076.2834973,30.560546875
1076.6131392,69.560546875
1076.9426756999999,63.560546875
1077.2721068,80.560546875
1077.6014325,73.560546875
1077.9306528,51.560546875
1078.2597677,51.560546875
1078.5887771999999,43.560546875
1078.9176813,14.560546875
1079.24648,-0.439453125
1079.5751733,11.560546875
1079.9037612,-20.439453125
1080.2322437,39.560546875
1080.5606208,12.560546875
1080.8888925,40.560546875
1081.2170588,76.560546875
1081.5451197,98.560546875
1081.8730752,46.560546875
1082.2009253,30.560546875
1082.52867,11.560546875
1082.8563093,52.560546875
1083.1838432,22.560546875
1083.5112717,45.560546875
1083.8385948,30.560546875
1084.1658125,-9.439453125
1084.4929248,-24.439453125
1084.8199316999999,52.560546875
1085.1468332,-2.439453125
1085.4736293,5.560546875
1085.80032,49.560546875
1086.1269053,9.560546875
1086.4533852,22.560546875
1086.7797597,48.560546875
1087.1060288,38.560546875
1087.4321925,33.560546875
1087.7582508,19.560546875
1088.0842037,73.560546875
1088.4100512,19.560546875
1088.7357933,27.560546875
1089.06143,-46.439453125
1089.3869613,-46.439453125
1089.7123872,0.560546875
1090.0377077,15.560546875
1090.3629228,22.560546875
1090.6880325,-11.439453125
1091.0130368,-20.439453125
1091.3379357000001,19.560546875
1091.6627292,83.560546875
1091.9874173,-9.439453125
1092.3120000000001,33.560546875
1092.6364773,16.560546875
1092.9608492,22.560546875
1093.2851157,33.560546875
1093.6092768,20.560546875
1093.9333325,-46.439453125
1094.2572828,3.560546875
1094.5811277,22.560546875
1094.9048672000001,57.560546875
1095.2285013,-2.439453125
1095.55203,37.560546875
1095.8754533000001,43.560546875
1096.1987712,21.560546875
1096.5219837,8.560546875
1096.8450908,38.560546875
1097.1680925,4.560546875
1097.4909888,8.560546875
1097.8137797,38.560546875
1098.1364652,30.560546875
1098.4590453,21.560546875
1098.78152,31.560546875
1099.1038893,22.560546875
1099.4261532,39.560546875
1099.7483117000002,-9.439453125
1100.0703648,14.560546875
1100.3923125000001,46.560546875
1100.7141548,70.560546875
1101.0358916999999,37.560546875
1101.3575232,19.560546875
1101.6790492999999,54.560546875
1102.00047,38.560546875
1102.3217852999999,70.560546875
1102.6429952,85.560546875
1102.9640997,105.560546875
1103.2850988,97.560546875
1103.6059925,64.560546875
1103.9267808,41.560546875
1104.2474637,14.560546875
1104.5680412000002,68.560546875
1104.8885133,29.560546875
1105.2088800000001,22.560546875
1105.5291413,29.560546875
1105.8492972,38.560546875
1106.1693477000001,65.560546875
1106.4892928,57.560546875
1106.8091325,102.560546875
1107.1288668,78.560546875
1107.4484957,39.560546875
1107.7680192,8.560546875
1108.0874373000001,38.560546875
1108.40675,-11.439453125
1108.7259573000001,11.560546875
1109.0450592,30.560546875
1109.3640557,29.560546875
1109.6829468,3.560546875
1110.0017325,45.560546875
1110.3204128,21.560546875
1110.6389877,4.560546875
1110.9574572000001,21.560546875
1111.2758213,41.560546875
1111.59408,43.560546875
1111.9122333,43.560546875
1112.2302812,61.560546875
1112.5482236999999,59.560546875
1112.8660608,29.560546875
1113.1837925,6.560546875
1113.5014188,59.560546875
1113.8189397,57.560546875
1114.1363552,40.560546875
1114.4536653,13.560546875
1114.77087,27.560546875
1115.0879693,48.560546875
1115.4049631999999,13.560546875
1115.7218517000001,-12.439453125
1116.0386348,43.560546875
1116.3553125,61.560546875
1116.6718848,30.560546875
1116.9883517,29.560546875
1117.3047132,43.560546875
1117.6209693,49.560546875
1117.93712,32.560546875
1118.2531653,93.560546875
1118.5691052,32.560546875
1118.8849397,33.560546875
1119.2006688000001,48.560546875
1119.5162925,68.560546875
1119.8318108,42.560546875
1120.1472237,49.560546875
1120.4625312,25.560546875
1120.7777333,20.560546875
1121.09283,25.560546875
1121.4078213,43.560546875
1121.7227072,33.560546875
1122.0374877,-9.439453125
1122.3521628,-54.439453125
1122.6667325,-25.439453125
1122.9811968,1.560546875
1123.2955557,29.560546875
1123.6098092,21.560546875
1123.9239573,43.560546875
1124.238,33.560546875
1124.5519373,30.560546875
1124.8657692,22.560546875
1125.1794957,-0.439453125
1125.4931168,8.560546875
1125.8066325,35.560546875
1126.1200428,-10.439453125
1126.4333477,-4.439453125
1126.7465472,-2.439453125
1127.0596413,49.560546875
1127.37263,41.560546875
1127.6855133,29.560546875
1127.9982912,16.560546875
1128.3109637,17.560546875
1128.6235308,-1.439453125
1128.9359924999999,-18.439453125
1129.2483488,-0.439453125
1129.5605997,19.560546875
1129.8727452,14.560546875
1130.1847853,-6.439453125
1130.49672,0.560546875
1130.8085493,-18.439453125
1131.1202732000002,47.560546875
1131.4318917,67.560546875
1131.7434048,63.560546875
1132.0548125,72.560546875
1132.3661147999999,33.560546875
1132.6773117,19.560546875
1132.9884032,49.560546875
1133.2993893,16.560546875
1133.61027,21.560546875
1133.9210453,36.560546875
1134.2317152,32.560546875
1134.5422797,21.560546875
1134.8527388,-4.439453125
1135.1630925,3.560546875
1135.4733408,27.560546875
1135.7834837,32.560546875
1136.0935212,49.560546875
1136.4034533,77.560546875
1136.71328,35.560546875
1137.0230013,11.560546875
1137.3326172,49.560546875
1137.6421277,65.560546875
1137.9515328,9.560546875
1138.2608324999999,43.560546875
1138.5700268,59.560546875
1138.8791157,22.560546875
1139.1880992000001,59.560546875
1139.4969773,33.560546875
1139.80575,35.560546875
1140.1144173,64.560546875
1140.4229791999999,22.560546875
1140.7314357,49.560546875
1141.0397868,51.560546875
1141.3480325,22.560546875
1141.6561728,46.560546875
1141.9642077,45.560546875
1142.2721372,65.560546875
1142.5799613000002,48.560546875
1142.88768,41.560546875
1143.1952933,8.560546875
1143.5028012,-6.439453125
1143.8102037,93.560546875
1144.1175008,54.560546875
1144.4246925,31.560546875
1144.7317788,68.560546875
1145.0387597,44.560546875
1145.3456352,51.560546875
1145.6524053,40.560546875
1145.95907,-9.439453125
1146.2656293,-24.439453125
1146.5720832,-0.439453125
1146.8784317,3.560546875
1147.1846748,-9.439453125
1147.4908125,54.560546875
1147.7968448000001,19.560546875
1148.1027717,49.560546875
1148.4085932,41.560546875
1148.7143093,41.560546875
1149.01992,27.560546875
1149.3254253,27.560546875
1149.6308252,11.560546875
1149.9361197,77.560546875
1150.2413088,49.560546875
1150.5463925000001,50.560546875
1150.8513708,49.560546875
1151.1562437,51.560546875
1151.4610112,-2.439453125
1151.7656733000001,15.560546875
1152.07023,-12.439453125
1152.3746813,21.560546875
1152.6790272,25.560546875
1152.9832677,36.560546875
1153.2874027999999,16.560546875
1153.5914325,25.560546875
1153.8953568,9.560546875
1154.1991757,29.560546875
1154.5028892,80.560546875
1154.8064973,43.560546875
1155.1100000000001,86.560546875
1155.4133973,54.560546875
1155.7166892,11.560546875
1156.0198757,27.560546875
1156.3229568000002,49.560546875
1156.6259325,6.560546875
1156.9288027999999,4.560546875
1157.2315677,51.560546875
1157.5342272,16.560546875
1157.8367813,36.560546875
1158.13923,33.560546875
1158.4415732999998,1.560546875
1158.7438112,54.560546875
1159.0459437,14.560546875
1159.3479708,-0.439453125
1159.6498924999999,-2.439453125
1159.9517088,45.560546875
1160.2534197,105.560546875
1160.5550252,25.560546875
1160.8565253,22.560546875
1161.15792,5.560546875
1161.4592093,-17.439453125
1161.7603932,1.560546875
1162.0614716999999,-27.439453125
1162.3624447999998,-12.439453125
1162.6633125,27.560546875
1162.9640748,61.560546875
1163.2647317,59.560546875
1163.5652831999998,22.560546875
1163.8657293,35.560546875
1164.16607,4.560546875
1164.4663053,9.560546875
1164.7664352,12.560546875
1165.0664597000002,14.560546875
1165.3663788000001,27.560546875
1165.6661925,54.560546875
1165.9659007999999,118.560546875
1166.2655037,89.560546875
1166.5650012,21.560546875
1166.8643933,29.560546875
1167.1636799999999,54.560546875
1167.4628613,22.560546875
1167.7619372000001,52.560546875
1168.0609077000001,27.560546875
1168.3597728,4.560546875
1168.6585324999999,41.560546875
1168.9571868,-872.439453125
1169.2557357,-872.439453125
1169.5541792,-872.439453125
1169.8525173,-872.439453125
1170.1507499999998,-872.439453125
